ts,camera_id,name,role,bytes,motion,frames
2026-08-30T22:27:18+07:00,318197263503692449077822,Jl. Tlogomas Arah Barat,commute,79524,3.354,49
2026-08-30T22:27:21+07:00,704720868465795037095760,Jl. Tlogomas Arah Timur,commute,63544,1.98,49
2026-08-30T22:27:23+07:00,097779292771471341955457,Pertigaan Tunggulmas,dest1+2,122388,1.053,49
2026-08-30T22:27:26+07:00,522539750301519499247770,Jembatan TunggulMas,dest2,125020,0.533,49
2026-08-30T22:27:29+07:00,180731272173025410229793,Jl Raya Tlogomas 83 Arah Timur,commute,99452,2.181,49
2026-08-30T22:27:32+07:00,572534477246123479166921,Jl Raya Tlogomas 14a Arah Barat,commute,57528,1.148,49
2026-08-30T22:27:35+07:00,639466428930627267991858,Jl. Sumber Sari Arah Utara,dest3,64860,1.356,49
2026-08-30T22:27:38+07:00,967823448439028638648911,Jl. Sigura-Gura Arah Barat,dest3,87420,4.186,49
2026-08-30T22:27:40+07:00,767576969564466612969572,Jl Veteran Gerbang UB,dest3,57152,1.681,29
2026-08-30T22:27:43+07:00,636589114401733445781917,Jl. Veteran Arah Timur,dest3,55648,1.178,49
2026-08-30T22:27:46+07:00,673512185163543498056968,Jl. Panjaitan Arah Timur,commute,65612,2.855,49
2026-08-30T22:27:48+07:00,446907421280943044413749,Jl MT Haryono Arah Barat,commute,130472,8.207,29
2026-08-30T22:27:51+07:00,268660637162985239935545,Jl. Ijen Arah Utara,cafe,58092,1.503,49
2026-08-30T22:27:54+07:00,322877538584592778525433,Jl. Kawi Arah Barat,cafe,64484,0.25,49
2026-08-30T22:27:56+07:00,184398221253246434285173,Jl. Soekarno Hatta Arah Timur (Center Point),cafe,65612,4.654,49
2026-08-30T22:27:59+07:00,227920422769509645238654,Jl. Soekarno Hatta Arah Selatan,cafe,134420,2.305,29
2026-08-30T22:28:02+07:00,077636403437244032401245,Jl. Terusan Dieng Arah Barat,cafe,71064,0.426,49
2026-08-30T22:33:36+07:00,318197263503692449077822,Jl. Tlogomas Arah Barat,commute,83284,3.587,49
2026-08-30T22:33:39+07:00,704720868465795037095760,Jl. Tlogomas Arah Timur,commute,78960,2.577,49
2026-08-30T22:33:42+07:00,097779292771471341955457,Pertigaan Tunggulmas,dest1+2,120508,1.16,49
2026-08-30T22:33:46+07:00,522539750301519499247770,Jembatan TunggulMas,dest2,120884,0.662,49
2026-08-30T22:33:50+07:00,180731272173025410229793,Jl Raya Tlogomas 83 Arah Timur,commute,80840,1.677,49
2026-08-30T22:33:53+07:00,572534477246123479166921,Jl Raya Tlogomas 14a Arah Barat,commute,67304,0.761,49
2026-08-30T22:33:56+07:00,639466428930627267991858,Jl. Sumber Sari Arah Utara,dest3,65988,0.182,49
2026-08-30T22:33:59+07:00,967823448439028638648911,Jl. Sigura-Gura Arah Barat,dest3,66364,0.211,49
2026-08-30T22:34:02+07:00,767576969564466612969572,Jl Veteran Gerbang UB,dest3,63356,0.471,29
2026-08-30T22:34:05+07:00,636589114401733445781917,Jl. Veteran Arah Timur,dest3,70688,0.741,49
2026-08-30T22:34:08+07:00,673512185163543498056968,Jl. Panjaitan Arah Timur,commute,65612,5.838,49
2026-08-30T22:34:11+07:00,446907421280943044413749,Jl MT Haryono Arah Barat,commute,133292,2.966,29
2026-08-30T22:34:14+07:00,268660637162985239935545,Jl. Ijen Arah Utara,cafe,63920,1.162,49
2026-08-30T22:34:17+07:00,322877538584592778525433,Jl. Kawi Arah Barat,cafe,55648,0.943,49
2026-08-30T22:34:20+07:00,184398221253246434285173,Jl. Soekarno Hatta Arah Timur (Center Point),cafe,60912,3.494,49
2026-08-30T22:34:22+07:00,227920422769509645238654,Jl. Soekarno Hatta Arah Selatan,cafe,136864,2.143,29
2026-08-30T22:34:26+07:00,077636403437244032401245,Jl. Terusan Dieng Arah Barat,cafe,66364,0.365,49
2026-08-31T01:41:58+07:00,318197263503692449077822,Jl. Tlogomas Arah Barat,commute,72756,0.735,49
2026-08-31T01:42:01+07:00,704720868465795037095760,Jl. Tlogomas Arah Timur,commute,58468,1.051,49
2026-08-31T01:42:04+07:00,097779292771471341955457,Pertigaan Tunggulmas,dest1+2,120132,0.119,49
2026-08-31T01:42:08+07:00,522539750301519499247770,Jembatan TunggulMas,dest2,120132,0.916,49
2026-08-31T01:42:11+07:00,180731272173025410229793,Jl Raya Tlogomas 83 Arah Timur,commute,67868,0.235,49
2026-08-31T01:42:15+07:00,572534477246123479166921,Jl Raya Tlogomas 14a Arah Barat,commute,66928,0.124,49
2026-08-31T01:42:19+07:00,639466428930627267991858,Jl. Sumber Sari Arah Utara,dest3,68432,0.085,49
2026-08-31T01:42:22+07:00,967823448439028638648911,Jl. Sigura-Gura Arah Barat,dest3,67492,0.222,49
2026-08-31T01:42:25+07:00,767576969564466612969572,Jl Veteran Gerbang UB,dest3,55272,0.228,29
2026-08-31T01:42:28+07:00,636589114401733445781917,Jl. Veteran Arah Timur,dest3,70876,0.822,49
2026-08-31T01:42:31+07:00,673512185163543498056968,Jl. Panjaitan Arah Timur,commute,,,-1
2026-08-31T01:42:33+07:00,446907421280943044413749,Jl MT Haryono Arah Barat,commute,136864,0.463,29
2026-08-31T01:42:36+07:00,268660637162985239935545,Jl. Ijen Arah Utara,cafe,69748,0.027,49
2026-08-31T01:42:40+07:00,322877538584592778525433,Jl. Kawi Arah Barat,cafe,68244,0.048,49
2026-08-31T01:42:42+07:00,184398221253246434285173,Jl. Soekarno Hatta Arah Timur (Center Point),cafe,59408,2.389,49
2026-08-31T01:42:45+07:00,227920422769509645238654,Jl. Soekarno Hatta Arah Selatan,cafe,134044,0.322,29
2026-08-31T01:42:49+07:00,077636403437244032401245,Jl. Terusan Dieng Arah Barat,cafe,68996,0.04,49
2026-08-31T04:37:23+07:00,318197263503692449077822,Jl. Tlogomas Arah Barat,commute,64484,0.374,49
2026-08-31T04:37:26+07:00,704720868465795037095760,Jl. Tlogomas Arah Timur,commute,50384,0.315,49
2026-08-31T04:37:28+07:00,097779292771471341955457,Pertigaan Tunggulmas,dest1+2,119192,0.465,49
2026-08-31T04:37:31+07:00,522539750301519499247770,Jembatan TunggulMas,dest2,119380,1.787,49
2026-08-31T04:37:34+07:00,180731272173025410229793,Jl Raya Tlogomas 83 Arah Timur,commute,66176,0.181,49
2026-08-31T04:37:37+07:00,572534477246123479166921,Jl Raya Tlogomas 14a Arah Barat,commute,55648,0.18,49
2026-08-31T04:37:40+07:00,639466428930627267991858,Jl. Sumber Sari Arah Utara,dest3,69560,0.569,49
2026-08-31T04:37:42+07:00,967823448439028638648911,Jl. Sigura-Gura Arah Barat,dest3,61852,0.044,49
2026-08-31T04:37:45+07:00,767576969564466612969572,Jl Veteran Gerbang UB,dest3,35156,0.006,29
2026-08-31T04:37:47+07:00,636589114401733445781917,Jl. Veteran Arah Timur,dest3,67680,0.098,49
2026-08-31T04:37:50+07:00,673512185163543498056968,Jl. Panjaitan Arah Timur,commute,,,-1
2026-08-31T04:37:51+07:00,446907421280943044413749,Jl MT Haryono Arah Barat,commute,126524,2.873,29
2026-08-31T04:37:54+07:00,268660637162985239935545,Jl. Ijen Arah Utara,cafe,64108,0.564,49
2026-08-31T04:37:57+07:00,322877538584592778525433,Jl. Kawi Arah Barat,cafe,66928,0.113,49
2026-08-31T04:37:59+07:00,184398221253246434285173,Jl. Soekarno Hatta Arah Timur (Center Point),cafe,63356,0.542,49
2026-08-31T04:38:02+07:00,227920422769509645238654,Jl. Soekarno Hatta Arah Selatan,cafe,138368,1.056,29
2026-08-31T04:38:05+07:00,077636403437244032401245,Jl. Terusan Dieng Arah Barat,cafe,71252,0.086,49
2026-08-31T06:52:36+07:00,318197263503692449077822,Jl. Tlogomas Arah Barat,commute,129532,6.858,49
2026-08-31T06:52:39+07:00,704720868465795037095760,Jl. Tlogomas Arah Timur,commute,84412,3.299,49
2026-08-31T06:52:41+07:00,097779292771471341955457,Pertigaan Tunggulmas,dest1+2,108476,6.762,49
2026-08-31T06:52:44+07:00,522539750301519499247770,Jembatan TunggulMas,dest2,119004,1.401,49
2026-08-31T06:52:46+07:00,180731272173025410229793,Jl Raya Tlogomas 83 Arah Timur,commute,53016,0.876,49
2026-08-31T06:52:49+07:00,572534477246123479166921,Jl Raya Tlogomas 14a Arah Barat,commute,61852,1.692,49
2026-08-31T06:52:52+07:00,639466428930627267991858,Jl. Sumber Sari Arah Utara,dest3,110168,3.458,49
2026-08-31T06:52:54+07:00,967823448439028638648911,Jl. Sigura-Gura Arah Barat,dest3,113552,3.769,49
2026-08-31T06:52:57+07:00,767576969564466612969572,Jl Veteran Gerbang UB,dest3,62980,0.33,29
2026-08-31T06:52:59+07:00,636589114401733445781917,Jl. Veteran Arah Timur,dest3,97948,3.679,49
2026-08-31T06:53:01+07:00,673512185163543498056968,Jl. Panjaitan Arah Timur,commute,79148,6.92,49
2026-08-31T06:53:04+07:00,446907421280943044413749,Jl MT Haryono Arah Barat,commute,139120,5.438,29
2026-08-31T06:53:06+07:00,268660637162985239935545,Jl. Ijen Arah Utara,cafe,82532,2.705,49
2026-08-31T06:53:09+07:00,322877538584592778525433,Jl. Kawi Arah Barat,cafe,68432,1.65,49
2026-08-31T06:53:11+07:00,184398221253246434285173,Jl. Soekarno Hatta Arah Timur (Center Point),cafe,112236,4.302,49
2026-08-31T06:53:14+07:00,227920422769509645238654,Jl. Soekarno Hatta Arah Selatan,cafe,137616,3.816,29
2026-08-31T06:53:17+07:00,077636403437244032401245,Jl. Terusan Dieng Arah Barat,cafe,68056,1.125,49
2026-08-31T10:09:50+07:00,318197263503692449077822,Jl. Tlogomas Arah Barat,commute,82720,2.006,49
2026-08-31T10:09:52+07:00,704720868465795037095760,Jl. Tlogomas Arah Timur,commute,67492,1.682,49
2026-08-31T10:09:55+07:00,097779292771471341955457,Pertigaan Tunggulmas,dest1+2,117124,2.837,49
2026-08-31T10:09:58+07:00,522539750301519499247770,Jembatan TunggulMas,dest2,127464,4.749,49
2026-08-31T10:10:00+07:00,180731272173025410229793,Jl Raya Tlogomas 83 Arah Timur,commute,107348,4.778,49
2026-08-31T10:10:05+07:00,572534477246123479166921,Jl Raya Tlogomas 14a Arah Barat,commute,100016,4.454,49
2026-08-31T10:10:08+07:00,639466428930627267991858,Jl. Sumber Sari Arah Utara,dest3,71440,1.741,49
2026-08-31T10:10:10+07:00,967823448439028638648911,Jl. Sigura-Gura Arah Barat,dest3,58468,1.188,49
2026-08-31T10:10:13+07:00,767576969564466612969572,Jl Veteran Gerbang UB,dest3,59972,0.502,29
2026-08-31T10:10:15+07:00,636589114401733445781917,Jl. Veteran Arah Timur,dest3,69748,2.109,49
2026-08-31T10:10:17+07:00,673512185163543498056968,Jl. Panjaitan Arah Timur,commute,139872,11.088,49
2026-08-31T10:10:20+07:00,446907421280943044413749,Jl MT Haryono Arah Barat,commute,131036,1.766,29
2026-08-31T10:10:23+07:00,268660637162985239935545,Jl. Ijen Arah Utara,cafe,79336,3.127,49
2026-08-31T10:10:25+07:00,322877538584592778525433,Jl. Kawi Arah Barat,cafe,53956,0.875,49
2026-08-31T10:10:27+07:00,184398221253246434285173,Jl. Soekarno Hatta Arah Timur (Center Point),cafe,96632,3.732,49
2026-08-31T10:10:30+07:00,227920422769509645238654,Jl. Soekarno Hatta Arah Selatan,cafe,134984,2.485,29
2026-08-31T10:10:32+07:00,077636403437244032401245,Jl. Terusan Dieng Arah Barat,cafe,64484,0.728,49
2026-08-31T16:51:51+07:00,318197263503692449077822,Jl. Tlogomas Arah Barat,commute,70500,2.963,49
2026-08-31T16:51:55+07:00,704720868465795037095760,Jl. Tlogomas Arah Timur,commute,66176,1.321,49
2026-08-31T16:51:58+07:00,097779292771471341955457,Pertigaan Tunggulmas,dest1+2,117500,8.187,49
2026-08-31T16:52:01+07:00,522539750301519499247770,Jembatan TunggulMas,dest2,126524,2.242,49
2026-08-31T16:52:04+07:00,180731272173025410229793,Jl Raya Tlogomas 83 Arah Timur,commute,107912,6.128,49
2026-08-31T16:52:07+07:00,572534477246123479166921,Jl Raya Tlogomas 14a Arah Barat,commute,93436,4.554,49
2026-08-31T16:52:09+07:00,639466428930627267991858,Jl. Sumber Sari Arah Utara,dest3,74636,2.283,49
2026-08-31T16:52:12+07:00,967823448439028638648911,Jl. Sigura-Gura Arah Barat,dest3,73884,1.868,49
2026-08-31T16:52:15+07:00,767576969564466612969572,Jl Veteran Gerbang UB,dest3,68808,0.456,29
2026-08-31T16:52:18+07:00,636589114401733445781917,Jl. Veteran Arah Timur,dest3,73884,2.448,49
2026-08-31T16:52:20+07:00,673512185163543498056968,Jl. Panjaitan Arah Timur,commute,78208,2.071,49
2026-08-31T16:52:23+07:00,446907421280943044413749,Jl MT Haryono Arah Barat,commute,126712,2.639,29
2026-08-31T16:52:26+07:00,268660637162985239935545,Jl. Ijen Arah Utara,cafe,76704,3.064,49
2026-08-31T16:52:29+07:00,322877538584592778525433,Jl. Kawi Arah Barat,cafe,69936,1.695,49
2026-08-31T16:52:31+07:00,184398221253246434285173,Jl. Soekarno Hatta Arah Timur (Center Point),cafe,95504,4.448,49
2026-08-31T16:52:34+07:00,227920422769509645238654,Jl. Soekarno Hatta Arah Selatan,cafe,133668,2.438,29
2026-08-31T16:52:37+07:00,077636403437244032401245,Jl. Terusan Dieng Arah Barat,cafe,67492,1.123,49
2026-09-01T00:22:15+07:00,318197263503692449077822,Jl. Tlogomas Arah Barat,commute,73884,0.35,49
2026-09-01T00:22:19+07:00,704720868465795037095760,Jl. Tlogomas Arah Timur,commute,73132,0.206,49
2026-09-01T00:22:22+07:00,097779292771471341955457,Pertigaan Tunggulmas,dest1+2,123328,1.95,49
2026-09-01T00:22:25+07:00,522539750301519499247770,Jembatan TunggulMas,dest2,122012,0.394,49
2026-09-01T00:22:28+07:00,180731272173025410229793,Jl Raya Tlogomas 83 Arah Timur,commute,73884,0.37,49
2026-09-01T00:22:31+07:00,572534477246123479166921,Jl Raya Tlogomas 14a Arah Barat,commute,66740,0.112,49
2026-09-01T00:22:34+07:00,639466428930627267991858,Jl. Sumber Sari Arah Utara,dest3,59032,0.819,49
2026-09-01T00:22:37+07:00,967823448439028638648911,Jl. Sigura-Gura Arah Barat,dest3,69936,1.491,49
2026-09-01T00:22:40+07:00,767576969564466612969572,Jl Veteran Gerbang UB,dest3,60536,0.706,29
2026-09-01T00:22:43+07:00,636589114401733445781917,Jl. Veteran Arah Timur,dest3,63356,0.597,49
2026-09-01T00:22:46+07:00,673512185163543498056968,Jl. Panjaitan Arah Timur,commute,62792,1.064,49
2026-09-01T00:22:49+07:00,446907421280943044413749,Jl MT Haryono Arah Barat,commute,142316,0.635,29
2026-09-01T00:22:52+07:00,268660637162985239935545,Jl. Ijen Arah Utara,cafe,64296,0.054,49
2026-09-01T00:22:55+07:00,322877538584592778525433,Jl. Kawi Arah Barat,cafe,57340,1.202,49
2026-09-01T00:22:58+07:00,184398221253246434285173,Jl. Soekarno Hatta Arah Timur (Center Point),cafe,62228,0.31,49
2026-09-01T00:23:01+07:00,227920422769509645238654,Jl. Soekarno Hatta Arah Selatan,cafe,141564,0.579,29
2026-09-01T00:23:04+07:00,077636403437244032401245,Jl. Terusan Dieng Arah Barat,cafe,67116,0.159,49
2026-09-01T04:59:48+07:00,318197263503692449077822,Jl. Tlogomas Arah Barat,commute,64860,0.202,49
2026-09-01T04:59:51+07:00,704720868465795037095760,Jl. Tlogomas Arah Timur,commute,63544,1.206,49
2026-09-01T04:59:53+07:00,097779292771471341955457,Pertigaan Tunggulmas,dest1+2,121072,3.852,49
2026-09-01T04:59:55+07:00,522539750301519499247770,Jembatan TunggulMas,dest2,119756,0.304,49
2026-09-01T04:59:58+07:00,180731272173025410229793,Jl Raya Tlogomas 83 Arah Timur,commute,74824,2.877,49
2026-09-01T05:00:00+07:00,572534477246123479166921,Jl Raya Tlogomas 14a Arah Barat,commute,64860,0.814,49
2026-09-01T05:00:03+07:00,639466428930627267991858,Jl. Sumber Sari Arah Utara,dest3,75576,0.558,49
2026-09-01T05:00:05+07:00,967823448439028638648911,Jl. Sigura-Gura Arah Barat,dest3,74448,0.417,49
2026-09-01T05:00:07+07:00,767576969564466612969572,Jl Veteran Gerbang UB,dest3,40984,0.015,29
2026-09-01T05:00:10+07:00,636589114401733445781917,Jl. Veteran Arah Timur,dest3,75012,1.225,49
2026-09-01T05:00:12+07:00,673512185163543498056968,Jl. Panjaitan Arah Timur,commute,67680,0.076,49
2026-09-01T05:00:14+07:00,446907421280943044413749,Jl MT Haryono Arah Barat,commute,127840,0.92,29
2026-09-01T05:00:17+07:00,268660637162985239935545,Jl. Ijen Arah Utara,cafe,68244,0.031,49
2026-09-01T05:00:19+07:00,322877538584592778525433,Jl. Kawi Arah Barat,cafe,57152,0.203,49
2026-09-01T05:00:22+07:00,184398221253246434285173,Jl. Soekarno Hatta Arah Timur (Center Point),cafe,65988,0.181,49
2026-09-01T05:00:24+07:00,227920422769509645238654,Jl. Soekarno Hatta Arah Selatan,cafe,134232,0.209,29
2026-09-01T05:00:26+07:00,077636403437244032401245,Jl. Terusan Dieng Arah Barat,cafe,68808,0.038,49
2026-09-01T08:15:17+07:00,318197263503692449077822,Jl. Tlogomas Arah Barat,commute,74824,2.181,49
2026-09-01T08:15:20+07:00,704720868465795037095760,Jl. Tlogomas Arah Timur,commute,72192,1.421,49
2026-09-01T08:15:22+07:00,097779292771471341955457,Pertigaan Tunggulmas,dest1+2,140812,6.099,49
2026-09-01T08:15:25+07:00,522539750301519499247770,Jembatan TunggulMas,dest2,119568,1.429,49
2026-09-01T08:15:28+07:00,180731272173025410229793,Jl Raya Tlogomas 83 Arah Timur,commute,66928,1.991,49
2026-09-01T08:15:30+07:00,572534477246123479166921,Jl Raya Tlogomas 14a Arah Barat,commute,65236,0.286,49
2026-09-01T08:15:33+07:00,639466428930627267991858,Jl. Sumber Sari Arah Utara,dest3,108100,3.293,49
2026-09-01T08:15:35+07:00,967823448439028638648911,Jl. Sigura-Gura Arah Barat,dest3,92496,2.479,49
2026-09-01T08:15:38+07:00,767576969564466612969572,Jl Veteran Gerbang UB,dest3,58468,0.876,29
2026-09-01T08:15:40+07:00,636589114401733445781917,Jl. Veteran Arah Timur,dest3,90240,3.911,49
2026-09-01T08:15:43+07:00,673512185163543498056968,Jl. Panjaitan Arah Timur,commute,81592,2.513,49
2026-09-01T08:15:46+07:00,446907421280943044413749,Jl MT Haryono Arah Barat,commute,132728,7.821,29
2026-09-01T08:15:49+07:00,268660637162985239935545,Jl. Ijen Arah Utara,cafe,90992,2.624,49
2026-09-01T08:15:51+07:00,322877538584592778525433,Jl. Kawi Arah Barat,cafe,55084,1.569,49
2026-09-01T08:15:53+07:00,184398221253246434285173,Jl. Soekarno Hatta Arah Timur (Center Point),cafe,69936,2.47,49
2026-09-01T08:15:56+07:00,227920422769509645238654,Jl. Soekarno Hatta Arah Selatan,cafe,135172,2.293,29
2026-09-01T08:15:59+07:00,077636403437244032401245,Jl. Terusan Dieng Arah Barat,cafe,64108,0.804,49
2026-09-01T13:17:48+07:00,318197263503692449077822,Jl. Tlogomas Arah Barat,commute,76140,1.797,49
2026-09-01T13:17:51+07:00,704720868465795037095760,Jl. Tlogomas Arah Timur,commute,76516,1.755,49
2026-09-01T13:17:54+07:00,097779292771471341955457,Pertigaan Tunggulmas,dest1+2,144008,3.444,49
2026-09-01T13:17:57+07:00,522539750301519499247770,Jembatan TunggulMas,dest2,132728,1.164,49
2026-09-01T13:18:00+07:00,180731272173025410229793,Jl Raya Tlogomas 83 Arah Timur,commute,96256,4.143,49
2026-09-01T13:18:02+07:00,572534477246123479166921,Jl Raya Tlogomas 14a Arah Barat,commute,86668,3.623,49
2026-09-01T13:18:05+07:00,639466428930627267991858,Jl. Sumber Sari Arah Utara,dest3,108852,4.488,49
2026-09-01T13:18:08+07:00,967823448439028638648911,Jl. Sigura-Gura Arah Barat,dest3,85164,3.01,49
2026-09-01T13:18:11+07:00,767576969564466612969572,Jl Veteran Gerbang UB,dest3,60724,1.558,29
2026-09-01T13:18:13+07:00,636589114401733445781917,Jl. Veteran Arah Timur,dest3,90616,3.726,49
2026-09-01T13:18:16+07:00,673512185163543498056968,Jl. Panjaitan Arah Timur,commute,74824,0.677,49
2026-09-01T13:18:18+07:00,446907421280943044413749,Jl MT Haryono Arah Barat,commute,131788,8.911,29
2026-09-01T13:18:21+07:00,268660637162985239935545,Jl. Ijen Arah Utara,cafe,81780,1.455,49
2026-09-01T13:18:24+07:00,322877538584592778525433,Jl. Kawi Arah Barat,cafe,64108,0.306,49
2026-09-01T13:18:26+07:00,184398221253246434285173,Jl. Soekarno Hatta Arah Timur (Center Point),cafe,60348,1.86,49
2026-09-01T13:18:29+07:00,227920422769509645238654,Jl. Soekarno Hatta Arah Selatan,cafe,136864,4.525,29
2026-09-01T13:18:32+07:00,077636403437244032401245,Jl. Terusan Dieng Arah Barat,cafe,63920,0.938,49
2026-09-01T18:53:04+07:00,318197263503692449077822,Jl. Tlogomas Arah Barat,commute,114680,3.794,49
2026-09-01T18:53:08+07:00,704720868465795037095760,Jl. Tlogomas Arah Timur,commute,62416,1.735,49
2026-09-01T18:53:11+07:00,097779292771471341955457,Pertigaan Tunggulmas,dest1+2,110920,7.841,49
2026-09-01T18:53:14+07:00,522539750301519499247770,Jembatan TunggulMas,dest2,128028,3.67,49
2026-09-01T18:53:17+07:00,180731272173025410229793,Jl Raya Tlogomas 83 Arah Timur,commute,61100,0.405,49
2026-09-01T18:53:20+07:00,572534477246123479166921,Jl Raya Tlogomas 14a Arah Barat,commute,89488,3.093,49
2026-09-01T18:53:23+07:00,639466428930627267991858,Jl. Sumber Sari Arah Utara,dest3,88924,2.677,49
2026-09-01T18:53:26+07:00,967823448439028638648911,Jl. Sigura-Gura Arah Barat,dest3,86856,2.098,49
2026-09-01T18:53:28+07:00,767576969564466612969572,Jl Veteran Gerbang UB,dest3,62980,0.703,29
2026-09-01T18:53:31+07:00,636589114401733445781917,Jl. Veteran Arah Timur,dest3,80088,3.351,49
2026-09-01T18:53:35+07:00,673512185163543498056968,Jl. Panjaitan Arah Timur,commute,75388,2.535,49
2026-09-01T18:53:38+07:00,446907421280943044413749,Jl MT Haryono Arah Barat,commute,130848,3.811,29
2026-09-01T18:53:41+07:00,268660637162985239935545,Jl. Ijen Arah Utara,cafe,93812,3.01,49
2026-09-01T18:53:43+07:00,322877538584592778525433,Jl. Kawi Arah Barat,cafe,75388,2.787,49
2026-09-01T18:53:46+07:00,184398221253246434285173,Jl. Soekarno Hatta Arah Timur (Center Point),cafe,73508,4.434,49
2026-09-01T18:53:49+07:00,227920422769509645238654,Jl. Soekarno Hatta Arah Selatan,cafe,134796,2.679,29
2026-09-01T18:53:52+07:00,077636403437244032401245,Jl. Terusan Dieng Arah Barat,cafe,70500,0.308,49
2026-09-01T23:02:48+07:00,318197263503692449077822,Jl. Tlogomas Arah Barat,commute,68432,1.318,49
2026-09-01T23:02:51+07:00,704720868465795037095760,Jl. Tlogomas Arah Timur,commute,67680,0.386,49
2026-09-01T23:02:54+07:00,097779292771471341955457,Pertigaan Tunggulmas,dest1+2,120132,0.623,49
2026-09-01T23:02:59+07:00,522539750301519499247770,Jembatan TunggulMas,dest2,123328,0.71,49
2026-09-01T23:03:02+07:00,180731272173025410229793,Jl Raya Tlogomas 83 Arah Timur,commute,69748,1.911,49
2026-09-01T23:03:11+07:00,572534477246123479166921,Jl Raya Tlogomas 14a Arah Barat,commute,63732,2.35,49
2026-09-01T23:03:16+07:00,639466428930627267991858,Jl. Sumber Sari Arah Utara,dest3,66364,0.713,49
2026-09-01T23:03:20+07:00,967823448439028638648911,Jl. Sigura-Gura Arah Barat,dest3,63732,0.782,49
2026-09-01T23:03:22+07:00,767576969564466612969572,Jl Veteran Gerbang UB,dest3,59032,0.222,29
2026-09-01T23:03:25+07:00,636589114401733445781917,Jl. Veteran Arah Timur,dest3,68244,0.55,49
2026-09-01T23:03:31+07:00,673512185163543498056968,Jl. Panjaitan Arah Timur,commute,62792,0.075,49
2026-09-01T23:03:40+07:00,446907421280943044413749,Jl MT Haryono Arah Barat,commute,121260,1.253,29
2026-09-01T23:03:42+07:00,268660637162985239935545,Jl. Ijen Arah Utara,cafe,68808,0.899,49
2026-09-01T23:03:50+07:00,322877538584592778525433,Jl. Kawi Arah Barat,cafe,70500,0.116,49
2026-09-01T23:04:00+07:00,184398221253246434285173,Jl. Soekarno Hatta Arah Timur (Center Point),cafe,36096,1.882,49
2026-09-01T23:04:03+07:00,227920422769509645238654,Jl. Soekarno Hatta Arah Selatan,cafe,138744,0.919,29
2026-09-01T23:04:05+07:00,077636403437244032401245,Jl. Terusan Dieng Arah Barat,cafe,65800,0.054,49
2026-09-02T02:22:19+07:00,318197263503692449077822,Jl. Tlogomas Arah Barat,commute,65048,0.376,49
2026-09-02T02:22:23+07:00,704720868465795037095760,Jl. Tlogomas Arah Timur,commute,67304,2.322,49
2026-09-02T02:22:26+07:00,097779292771471341955457,Pertigaan Tunggulmas,dest1+2,125020,0.469,49
2026-09-02T02:22:29+07:00,522539750301519499247770,Jembatan TunggulMas,dest2,121448,0.048,49
2026-09-02T02:22:34+07:00,180731272173025410229793,Jl Raya Tlogomas 83 Arah Timur,commute,65800,0.169,49
2026-09-02T02:22:37+07:00,572534477246123479166921,Jl Raya Tlogomas 14a Arah Barat,commute,70312,0.349,49
2026-09-02T02:22:40+07:00,639466428930627267991858,Jl. Sumber Sari Arah Utara,dest3,65612,0.286,49
2026-09-02T02:22:43+07:00,967823448439028638648911,Jl. Sigura-Gura Arah Barat,dest3,68432,0.165,49
2026-09-02T02:22:46+07:00,767576969564466612969572,Jl Veteran Gerbang UB,dest3,54520,0.231,29
2026-09-02T02:22:49+07:00,636589114401733445781917,Jl. Veteran Arah Timur,dest3,71440,0.087,49
2026-09-02T02:22:52+07:00,673512185163543498056968,Jl. Panjaitan Arah Timur,commute,65236,0.303,49
2026-09-02T02:22:55+07:00,446907421280943044413749,Jl MT Haryono Arah Barat,commute,136300,1.867,29
2026-09-02T02:22:58+07:00,268660637162985239935545,Jl. Ijen Arah Utara,cafe,68432,0.017,49
2026-09-02T02:23:01+07:00,322877538584592778525433,Jl. Kawi Arah Barat,cafe,67304,0.055,49
2026-09-02T02:23:04+07:00,184398221253246434285173,Jl. Soekarno Hatta Arah Timur (Center Point),cafe,62604,0.922,49
2026-09-02T02:23:09+07:00,227920422769509645238654,Jl. Soekarno Hatta Arah Selatan,cafe,122200,0.168,29
2026-09-02T02:23:13+07:00,077636403437244032401245,Jl. Terusan Dieng Arah Barat,cafe,69936,0.042,49
2026-09-02T04:53:41+07:00,318197263503692449077822,Jl. Tlogomas Arah Barat,commute,65236,0.625,49
2026-09-02T04:53:45+07:00,704720868465795037095760,Jl. Tlogomas Arah Timur,commute,65048,0.167,49
2026-09-02T04:53:47+07:00,097779292771471341955457,Pertigaan Tunggulmas,dest1+2,117688,0.175,49
2026-09-02T04:53:50+07:00,522539750301519499247770,Jembatan TunggulMas,dest2,119756,0.204,49
2026-09-02T04:53:53+07:00,180731272173025410229793,Jl Raya Tlogomas 83 Arah Timur,commute,67868,0.053,49
2026-09-02T04:53:56+07:00,572534477246123479166921,Jl Raya Tlogomas 14a Arah Barat,commute,84412,1.253,49
2026-09-02T04:53:59+07:00,639466428930627267991858,Jl. Sumber Sari Arah Utara,dest3,71440,0.429,49
2026-09-02T04:54:02+07:00,967823448439028638648911,Jl. Sigura-Gura Arah Barat,dest3,76704,1.084,49
2026-09-02T04:54:05+07:00,767576969564466612969572,Jl Veteran Gerbang UB,dest3,45496,0.092,29
2026-09-02T04:54:07+07:00,636589114401733445781917,Jl. Veteran Arah Timur,dest3,64108,0.244,49
2026-09-02T04:54:10+07:00,673512185163543498056968,Jl. Panjaitan Arah Timur,commute,76892,0.169,49
2026-09-02T04:54:13+07:00,446907421280943044413749,Jl MT Haryono Arah Barat,commute,136112,0.479,29
2026-09-02T04:54:16+07:00,268660637162985239935545,Jl. Ijen Arah Utara,cafe,67868,0.145,49
2026-09-02T04:54:19+07:00,322877538584592778525433,Jl. Kawi Arah Barat,cafe,63732,0.072,49
2026-09-02T04:54:21+07:00,184398221253246434285173,Jl. Soekarno Hatta Arah Timur (Center Point),cafe,63732,0.809,49
2026-09-02T04:54:24+07:00,227920422769509645238654,Jl. Soekarno Hatta Arah Selatan,cafe,128404,0.491,29
2026-09-02T04:54:27+07:00,077636403437244032401245,Jl. Terusan Dieng Arah Barat,cafe,61664,0.431,49
2026-09-02T06:48:25+07:00,318197263503692449077822,Jl. Tlogomas Arah Barat,commute,122952,4.374,49
2026-09-02T06:48:28+07:00,704720868465795037095760,Jl. Tlogomas Arah Timur,commute,68808,3.146,49
2026-09-02T06:48:30+07:00,097779292771471341955457,Pertigaan Tunggulmas,dest1+2,117688,4.793,49
2026-09-02T06:48:33+07:00,522539750301519499247770,Jembatan TunggulMas,dest2,121636,3.425,49
2026-09-02T06:48:36+07:00,180731272173025410229793,Jl Raya Tlogomas 83 Arah Timur,commute,70500,1.593,49
2026-09-02T06:48:38+07:00,572534477246123479166921,Jl Raya Tlogomas 14a Arah Barat,commute,64484,2.164,49
2026-09-02T06:48:41+07:00,639466428930627267991858,Jl. Sumber Sari Arah Utara,dest3,129344,5.372,49
2026-09-02T06:48:44+07:00,967823448439028638648911,Jl. Sigura-Gura Arah Barat,dest3,119944,3.421,49
2026-09-02T06:48:46+07:00,767576969564466612969572,Jl Veteran Gerbang UB,dest3,60724,0.551,29
2026-09-02T06:48:49+07:00,636589114401733445781917,Jl. Veteran Arah Timur,dest3,90992,3.085,49
2026-09-02T06:48:51+07:00,673512185163543498056968,Jl. Panjaitan Arah Timur,commute,118628,4.765,49
2026-09-02T06:48:54+07:00,446907421280943044413749,Jl MT Haryono Arah Barat,commute,132916,3.386,29
2026-09-02T06:48:57+07:00,268660637162985239935545,Jl. Ijen Arah Utara,cafe,89300,4.131,49
2026-09-02T06:49:00+07:00,322877538584592778525433,Jl. Kawi Arah Barat,cafe,108852,4.189,49
2026-09-02T06:49:02+07:00,184398221253246434285173,Jl. Soekarno Hatta Arah Timur (Center Point),cafe,121636,4.521,49
2026-09-02T06:49:05+07:00,227920422769509645238654,Jl. Soekarno Hatta Arah Selatan,cafe,129532,1.521,29
2026-09-02T06:49:08+07:00,077636403437244032401245,Jl. Terusan Dieng Arah Barat,cafe,68808,0.834,49
2026-09-02T09:32:06+07:00,318197263503692449077822,Jl. Tlogomas Arah Barat,commute,54144,1.276,49
2026-09-02T09:32:10+07:00,704720868465795037095760,Jl. Tlogomas Arah Timur,commute,61852,1.926,49
2026-09-02T09:32:12+07:00,097779292771471341955457,Pertigaan Tunggulmas,dest1+2,121636,0.431,49
2026-09-02T09:32:15+07:00,522539750301519499247770,Jembatan TunggulMas,dest2,114680,1.34,49
2026-09-02T09:32:18+07:00,180731272173025410229793,Jl Raya Tlogomas 83 Arah Timur,commute,38164,0.237,49
2026-09-02T09:32:20+07:00,572534477246123479166921,Jl Raya Tlogomas 14a Arah Barat,commute,57340,0.295,49
2026-09-02T09:32:23+07:00,639466428930627267991858,Jl. Sumber Sari Arah Utara,dest3,64860,0.776,49
2026-09-02T09:32:26+07:00,967823448439028638648911,Jl. Sigura-Gura Arah Barat,dest3,71628,2.424,49
2026-09-02T09:32:28+07:00,767576969564466612969572,Jl Veteran Gerbang UB,dest3,58280,0.617,29
2026-09-02T09:32:31+07:00,636589114401733445781917,Jl. Veteran Arah Timur,dest3,61100,1.015,49
2026-09-02T09:32:34+07:00,673512185163543498056968,Jl. Panjaitan Arah Timur,commute,91368,3.555,49
2026-09-02T09:32:36+07:00,446907421280943044413749,Jl MT Haryono Arah Barat,commute,139308,7.148,29
2026-09-02T09:32:39+07:00,268660637162985239935545,Jl. Ijen Arah Utara,cafe,73320,2.361,49
2026-09-02T09:32:42+07:00,322877538584592778525433,Jl. Kawi Arah Barat,cafe,77080,2.583,49
2026-09-02T09:32:45+07:00,184398221253246434285173,Jl. Soekarno Hatta Arah Timur (Center Point),cafe,104528,4.582,49
2026-09-02T09:32:48+07:00,227920422769509645238654,Jl. Soekarno Hatta Arah Selatan,cafe,128592,0.833,29
2026-09-02T09:32:50+07:00,077636403437244032401245,Jl. Terusan Dieng Arah Barat,cafe,68432,1.02,49
2026-09-02T14:18:47+07:00,318197263503692449077822,Jl. Tlogomas Arah Barat,commute,56212,1.5,49
2026-09-02T14:18:50+07:00,704720868465795037095760,Jl. Tlogomas Arah Timur,commute,85352,3.45,49
2026-09-02T14:18:53+07:00,097779292771471341955457,Pertigaan Tunggulmas,dest1+2,164688,10.039,49
2026-09-02T14:18:56+07:00,522539750301519499247770,Jembatan TunggulMas,dest2,119192,3.404,49
2026-09-02T14:18:59+07:00,180731272173025410229793,Jl Raya Tlogomas 83 Arah Timur,commute,149084,4.477,49
2026-09-02T14:19:02+07:00,572534477246123479166921,Jl Raya Tlogomas 14a Arah Barat,commute,73884,2.671,49
2026-09-02T14:19:05+07:00,639466428930627267991858,Jl. Sumber Sari Arah Utara,dest3,67680,2.104,49
2026-09-02T14:19:08+07:00,967823448439028638648911,Jl. Sigura-Gura Arah Barat,dest3,74824,1.806,49
2026-09-02T14:19:11+07:00,767576969564466612969572,Jl Veteran Gerbang UB,dest3,61100,0.842,29
2026-09-02T14:19:14+07:00,636589114401733445781917,Jl. Veteran Arah Timur,dest3,76328,2.78,49
2026-09-02T14:19:16+07:00,673512185163543498056968,Jl. Panjaitan Arah Timur,commute,68808,2.031,49
2026-09-02T14:19:19+07:00,446907421280943044413749,Jl MT Haryono Arah Barat,commute,136300,5.867,29
2026-09-02T14:19:22+07:00,268660637162985239935545,Jl. Ijen Arah Utara,cafe,77080,2.447,49
2026-09-02T14:19:25+07:00,322877538584592778525433,Jl. Kawi Arah Barat,cafe,71440,2.421,49
2026-09-02T14:19:28+07:00,184398221253246434285173,Jl. Soekarno Hatta Arah Timur (Center Point),cafe,74448,3.404,49
2026-09-02T14:19:31+07:00,227920422769509645238654,Jl. Soekarno Hatta Arah Selatan,cafe,133104,1.313,29
2026-09-02T14:19:34+07:00,077636403437244032401245,Jl. Terusan Dieng Arah Barat,cafe,65612,0.817,49
2026-09-02T19:13:20+07:00,318197263503692449077822,Jl. Tlogomas Arah Barat,commute,76704,2.763,49
2026-09-02T19:13:23+07:00,704720868465795037095760,Jl. Tlogomas Arah Timur,commute,67304,1.863,49
2026-09-02T19:13:26+07:00,097779292771471341955457,Pertigaan Tunggulmas,dest1+2,122576,5.057,49
2026-09-02T19:13:29+07:00,522539750301519499247770,Jembatan TunggulMas,dest2,119192,0.583,49
2026-09-02T19:13:32+07:00,180731272173025410229793,Jl Raya Tlogomas 83 Arah Timur,commute,70876,1.302,49
2026-09-02T19:13:35+07:00,572534477246123479166921,Jl Raya Tlogomas 14a Arah Barat,commute,71628,2.217,49
2026-09-02T19:13:38+07:00,639466428930627267991858,Jl. Sumber Sari Arah Utara,dest3,118440,4.494,49
2026-09-02T19:13:41+07:00,967823448439028638648911,Jl. Sigura-Gura Arah Barat,dest3,97008,2.902,49
2026-09-02T19:13:44+07:00,767576969564466612969572,Jl Veteran Gerbang UB,dest3,63168,1.513,29
2026-09-02T19:13:46+07:00,636589114401733445781917,Jl. Veteran Arah Timur,dest3,79712,2.78,49
2026-09-02T19:13:49+07:00,673512185163543498056968,Jl. Panjaitan Arah Timur,commute,63168,0.593,49
2026-09-02T19:13:52+07:00,446907421280943044413749,Jl MT Haryono Arah Barat,commute,129908,6.186,29
2026-09-02T19:13:55+07:00,268660637162985239935545,Jl. Ijen Arah Utara,cafe,89488,2.691,49
2026-09-02T19:13:58+07:00,322877538584592778525433,Jl. Kawi Arah Barat,cafe,84036,2.639,49
2026-09-02T19:14:02+07:00,184398221253246434285173,Jl. Soekarno Hatta Arah Timur (Center Point),cafe,73320,4.068,49
2026-09-02T19:14:04+07:00,227920422769509645238654,Jl. Soekarno Hatta Arah Selatan,cafe,141188,3.6,29
2026-09-02T19:14:08+07:00,077636403437244032401245,Jl. Terusan Dieng Arah Barat,cafe,68808,0.248,49
2026-09-02T23:39:38+07:00,318197263503692449077822,Jl. Tlogomas Arah Barat,commute,55084,1.251,49
2026-09-02T23:39:41+07:00,704720868465795037095760,Jl. Tlogomas Arah Timur,commute,69748,1.925,49
2026-09-02T23:39:45+07:00,097779292771471341955457,Pertigaan Tunggulmas,dest1+2,124832,1.723,49
2026-09-02T23:39:48+07:00,522539750301519499247770,Jembatan TunggulMas,dest2,122764,1.103,49
2026-09-02T23:39:51+07:00,180731272173025410229793,Jl Raya Tlogomas 83 Arah Timur,commute,88924,4.276,49
2026-09-02T23:39:55+07:00,572534477246123479166921,Jl Raya Tlogomas 14a Arah Barat,commute,64484,0.81,49
2026-09-02T23:39:58+07:00,639466428930627267991858,Jl. Sumber Sari Arah Utara,dest3,77456,0.347,49
2026-09-02T23:40:01+07:00,967823448439028638648911,Jl. Sigura-Gura Arah Barat,dest3,67680,0.586,49
2026-09-02T23:40:04+07:00,767576969564466612969572,Jl Veteran Gerbang UB,dest3,65424,0.425,29
2026-09-02T23:40:08+07:00,636589114401733445781917,Jl. Veteran Arah Timur,dest3,66176,0.365,49
2026-09-02T23:40:11+07:00,673512185163543498056968,Jl. Panjaitan Arah Timur,commute,70312,0.443,49
2026-09-02T23:40:14+07:00,446907421280943044413749,Jl MT Haryono Arah Barat,commute,132728,4.198,29
2026-09-02T23:40:18+07:00,268660637162985239935545,Jl. Ijen Arah Utara,cafe,68056,1.117,49
2026-09-02T23:40:21+07:00,322877538584592778525433,Jl. Kawi Arah Barat,cafe,86292,3.178,49
2026-09-02T23:40:24+07:00,184398221253246434285173,Jl. Soekarno Hatta Arah Timur (Center Point),cafe,61852,2.35,49
2026-09-02T23:40:27+07:00,227920422769509645238654,Jl. Soekarno Hatta Arah Selatan,cafe,128404,2.208,29
2026-09-02T23:40:30+07:00,077636403437244032401245,Jl. Terusan Dieng Arah Barat,cafe,71252,0.043,49
2026-09-03T02:31:38+07:00,318197263503692449077822,Jl. Tlogomas Arah Barat,commute,68432,0.045,49
2026-09-03T02:31:41+07:00,704720868465795037095760,Jl. Tlogomas Arah Timur,commute,67680,1.235,49
2026-09-03T02:31:44+07:00,097779292771471341955457,Pertigaan Tunggulmas,dest1+2,124268,1.791,49
2026-09-03T02:31:47+07:00,522539750301519499247770,Jembatan TunggulMas,dest2,121260,0.043,49
2026-09-03T02:31:50+07:00,180731272173025410229793,Jl Raya Tlogomas 83 Arah Timur,commute,64484,0.736,49
2026-09-03T02:31:53+07:00,572534477246123479166921,Jl Raya Tlogomas 14a Arah Barat,commute,68808,0.601,49
2026-09-03T02:31:55+07:00,639466428930627267991858,Jl. Sumber Sari Arah Utara,dest3,69936,0.287,49
2026-09-03T02:31:58+07:00,967823448439028638648911,Jl. Sigura-Gura Arah Barat,dest3,69184,0.137,49
2026-09-03T02:32:01+07:00,767576969564466612969572,Jl Veteran Gerbang UB,dest3,49820,0.045,29
2026-09-03T02:32:04+07:00,636589114401733445781917,Jl. Veteran Arah Timur,dest3,67492,0.029,49
2026-09-03T02:32:06+07:00,673512185163543498056968,Jl. Panjaitan Arah Timur,commute,61100,0.093,49
2026-09-03T02:32:09+07:00,446907421280943044413749,Jl MT Haryono Arah Barat,commute,141752,1.034,29
2026-09-03T02:32:18+07:00,268660637162985239935545,Jl. Ijen Arah Utara,cafe,71816,0.419,49
2026-09-03T02:32:21+07:00,322877538584592778525433,Jl. Kawi Arah Barat,cafe,65424,0.091,49
2026-09-03T02:32:23+07:00,184398221253246434285173,Jl. Soekarno Hatta Arah Timur (Center Point),cafe,62416,0.121,49
2026-09-03T02:32:26+07:00,227920422769509645238654,Jl. Soekarno Hatta Arah Selatan,cafe,100580,1.421,29
2026-09-03T02:32:29+07:00,077636403437244032401245,Jl. Terusan Dieng Arah Barat,cafe,62416,0.445,49
2026-09-03T04:58:15+07:00,318197263503692449077822,Jl. Tlogomas Arah Barat,commute,78020,1.904,49
2026-09-03T04:58:18+07:00,704720868465795037095760,Jl. Tlogomas Arah Timur,commute,69560,0.195,49
2026-09-03T04:58:21+07:00,097779292771471341955457,Pertigaan Tunggulmas,dest1+2,122764,0.088,49
2026-09-03T04:58:24+07:00,522539750301519499247770,Jembatan TunggulMas,dest2,125396,0.047,49
2026-09-03T04:58:27+07:00,180731272173025410229793,Jl Raya Tlogomas 83 Arah Timur,commute,68620,1.0,49
2026-09-03T04:58:29+07:00,572534477246123479166921,Jl Raya Tlogomas 14a Arah Barat,commute,77644,0.946,49
2026-09-03T04:58:31+07:00,639466428930627267991858,Jl. Sumber Sari Arah Utara,dest3,51512,0.663,49
2026-09-03T04:58:34+07:00,967823448439028638648911,Jl. Sigura-Gura Arah Barat,dest3,68244,0.543,49
2026-09-03T04:58:36+07:00,767576969564466612969572,Jl Veteran Gerbang UB,dest3,46812,0.029,29
2026-09-03T04:58:38+07:00,636589114401733445781917,Jl. Veteran Arah Timur,dest3,61664,0.1,49
2026-09-03T04:58:41+07:00,673512185163543498056968,Jl. Panjaitan Arah Timur,commute,64296,0.241,49
2026-09-03T04:58:43+07:00,446907421280943044413749,Jl MT Haryono Arah Barat,commute,139120,0.755,29
2026-09-03T04:58:45+07:00,268660637162985239935545,Jl. Ijen Arah Utara,cafe,80464,0.202,49
2026-09-03T04:58:48+07:00,322877538584592778525433,Jl. Kawi Arah Barat,cafe,60348,0.938,49
2026-09-03T04:58:50+07:00,184398221253246434285173,Jl. Soekarno Hatta Arah Timur (Center Point),cafe,64672,3.279,49
2026-09-03T04:58:52+07:00,227920422769509645238654,Jl. Soekarno Hatta Arah Selatan,cafe,130848,0.52,29
2026-09-03T04:58:55+07:00,077636403437244032401245,Jl. Terusan Dieng Arah Barat,cafe,68620,0.038,49
2026-09-03T07:08:56+07:00,318197263503692449077822,Jl. Tlogomas Arah Barat,commute,126336,3.87,49
2026-09-03T07:09:00+07:00,704720868465795037095760,Jl. Tlogomas Arah Timur,commute,98324,3.017,49
2026-09-03T07:09:04+07:00,097779292771471341955457,Pertigaan Tunggulmas,dest1+2,126712,6.511,49
2026-09-03T07:09:07+07:00,522539750301519499247770,Jembatan TunggulMas,dest2,118628,3.663,49
2026-09-03T07:09:11+07:00,180731272173025410229793,Jl Raya Tlogomas 83 Arah Timur,commute,64672,1.839,49
2026-09-03T07:09:15+07:00,572534477246123479166921,Jl Raya Tlogomas 14a Arah Barat,commute,85540,3.381,49
2026-09-03T07:09:18+07:00,639466428930627267991858,Jl. Sumber Sari Arah Utara,dest3,108476,3.448,49
2026-09-03T07:09:25+07:00,967823448439028638648911,Jl. Sigura-Gura Arah Barat,dest3,112424,3.712,49
2026-09-03T07:09:28+07:00,767576969564466612969572,Jl Veteran Gerbang UB,dest3,61288,0.146,29
2026-09-03T07:09:31+07:00,636589114401733445781917,Jl. Veteran Arah Timur,dest3,106408,5.0,49
2026-09-03T07:09:34+07:00,673512185163543498056968,Jl. Panjaitan Arah Timur,commute,126712,4.197,49
2026-09-03T07:09:37+07:00,446907421280943044413749,Jl MT Haryono Arah Barat,commute,125396,3.42,29
2026-09-03T07:09:41+07:00,268660637162985239935545,Jl. Ijen Arah Utara,cafe,60536,1.766,49
2026-09-03T07:09:44+07:00,322877538584592778525433,Jl. Kawi Arah Barat,cafe,67116,1.214,49
2026-09-03T07:09:46+07:00,184398221253246434285173,Jl. Soekarno Hatta Arah Timur (Center Point),cafe,106032,3.282,49
2026-09-03T07:09:50+07:00,227920422769509645238654,Jl. Soekarno Hatta Arah Selatan,cafe,128780,2.17,29
2026-09-03T07:09:53+07:00,077636403437244032401245,Jl. Terusan Dieng Arah Barat,cafe,68808,0.779,49
2026-09-03T11:38:14+07:00,318197263503692449077822,Jl. Tlogomas Arah Barat,commute,72568,2.468,49
2026-09-03T11:38:17+07:00,704720868465795037095760,Jl. Tlogomas Arah Timur,commute,63356,0.139,49
2026-09-03T11:38:20+07:00,097779292771471341955457,Pertigaan Tunggulmas,dest1+2,115620,5.388,49
2026-09-03T11:38:23+07:00,522539750301519499247770,Jembatan TunggulMas,dest2,118440,2.431,49
2026-09-03T11:38:26+07:00,180731272173025410229793,Jl Raya Tlogomas 83 Arah Timur,commute,62040,1.638,49
2026-09-03T11:38:28+07:00,572534477246123479166921,Jl Raya Tlogomas 14a Arah Barat,commute,69748,0.861,49
2026-09-03T11:38:31+07:00,639466428930627267991858,Jl. Sumber Sari Arah Utara,dest3,74260,2.257,49
2026-09-03T11:38:34+07:00,967823448439028638648911,Jl. Sigura-Gura Arah Barat,dest3,90052,3.01,49
2026-09-03T11:38:36+07:00,767576969564466612969572,Jl Veteran Gerbang UB,dest3,63544,1.165,29
2026-09-03T11:38:39+07:00,636589114401733445781917,Jl. Veteran Arah Timur,dest3,93248,3.255,49
2026-09-03T11:38:42+07:00,673512185163543498056968,Jl. Panjaitan Arah Timur,commute,69184,1.049,49
2026-09-03T11:38:44+07:00,446907421280943044413749,Jl MT Haryono Arah Barat,commute,134796,4.865,29
2026-09-03T11:38:47+07:00,268660637162985239935545,Jl. Ijen Arah Utara,cafe,73884,2.239,49
2026-09-03T11:38:49+07:00,322877538584592778525433,Jl. Kawi Arah Barat,cafe,79148,2.292,49
2026-09-03T11:38:52+07:00,184398221253246434285173,Jl. Soekarno Hatta Arah Timur (Center Point),cafe,52828,1.62,49
2026-09-03T11:38:55+07:00,227920422769509645238654,Jl. Soekarno Hatta Arah Selatan,cafe,135736,1.453,29
2026-09-03T11:38:57+07:00,077636403437244032401245,Jl. Terusan Dieng Arah Barat,cafe,68432,0.99,49
2026-09-03T16:14:12+07:00,318197263503692449077822,Jl. Tlogomas Arah Barat,commute,107536,5.465,49
2026-09-03T16:14:15+07:00,704720868465795037095760,Jl. Tlogomas Arah Timur,commute,78584,4.53,49
2026-09-03T16:14:18+07:00,097779292771471341955457,Pertigaan Tunggulmas,dest1+2,117876,5.471,49
2026-09-03T16:14:21+07:00,522539750301519499247770,Jembatan TunggulMas,dest2,116560,1.142,49
2026-09-03T16:14:24+07:00,180731272173025410229793,Jl Raya Tlogomas 83 Arah Timur,commute,78208,2.303,49
2026-09-03T16:14:26+07:00,572534477246123479166921,Jl Raya Tlogomas 14a Arah Barat,commute,82908,1.93,49
2026-09-03T16:14:29+07:00,639466428930627267991858,Jl. Sumber Sari Arah Utara,dest3,89676,2.698,49
2026-09-03T16:14:31+07:00,967823448439028638648911,Jl. Sigura-Gura Arah Barat,dest3,72756,1.728,49
2026-09-03T16:14:34+07:00,767576969564466612969572,Jl Veteran Gerbang UB,dest3,64108,0.523,29
2026-09-03T16:14:37+07:00,636589114401733445781917,Jl. Veteran Arah Timur,dest3,86292,3.237,49
2026-09-03T16:14:39+07:00,673512185163543498056968,Jl. Panjaitan Arah Timur,commute,76516,1.625,49
2026-09-03T16:14:42+07:00,446907421280943044413749,Jl MT Haryono Arah Barat,commute,137052,3.124,29
2026-09-03T16:14:45+07:00,268660637162985239935545,Jl. Ijen Arah Utara,cafe,95880,3.702,49
2026-09-03T16:14:48+07:00,322877538584592778525433,Jl. Kawi Arah Barat,cafe,70876,3.464,49
2026-09-03T16:14:50+07:00,184398221253246434285173,Jl. Soekarno Hatta Arah Timur (Center Point),cafe,111484,5.222,49
2026-09-03T16:14:53+07:00,227920422769509645238654,Jl. Soekarno Hatta Arah Selatan,cafe,129908,1.631,29
2026-09-03T16:14:56+07:00,077636403437244032401245,Jl. Terusan Dieng Arah Barat,cafe,67304,0.917,49
2026-09-03T20:39:31+07:00,318197263503692449077822,Jl. Tlogomas Arah Barat,commute,117500,4.799,49
2026-09-03T20:39:34+07:00,704720868465795037095760,Jl. Tlogomas Arah Timur,commute,86668,3.264,49
2026-09-03T20:39:37+07:00,097779292771471341955457,Pertigaan Tunggulmas,dest1+2,129532,4.301,49
2026-09-03T20:39:39+07:00,522539750301519499247770,Jembatan TunggulMas,dest2,117876,0.986,49
2026-09-03T20:39:41+07:00,180731272173025410229793,Jl Raya Tlogomas 83 Arah Timur,commute,64484,1.861,49
2026-09-03T20:39:44+07:00,572534477246123479166921,Jl Raya Tlogomas 14a Arah Barat,commute,64672,2.532,49
2026-09-03T20:39:46+07:00,639466428930627267991858,Jl. Sumber Sari Arah Utara,dest3,72756,1.801,49
2026-09-03T20:39:48+07:00,967823448439028638648911,Jl. Sigura-Gura Arah Barat,dest3,84788,2.182,49
2026-09-03T20:39:51+07:00,767576969564466612969572,Jl Veteran Gerbang UB,dest3,61664,0.882,29
2026-09-03T20:39:53+07:00,636589114401733445781917,Jl. Veteran Arah Timur,dest3,74448,2.948,49
2026-09-03T20:39:55+07:00,673512185163543498056968,Jl. Panjaitan Arah Timur,commute,64672,1.433,49
2026-09-03T20:39:58+07:00,446907421280943044413749,Jl MT Haryono Arah Barat,commute,141188,5.563,29
2026-09-03T20:40:00+07:00,268660637162985239935545,Jl. Ijen Arah Utara,cafe,59596,1.7,49
2026-09-03T20:40:02+07:00,322877538584592778525433,Jl. Kawi Arah Barat,cafe,68056,0.106,49
2026-09-03T20:40:05+07:00,184398221253246434285173,Jl. Soekarno Hatta Arah Timur (Center Point),cafe,42112,2.054,49
2026-09-03T20:40:07+07:00,227920422769509645238654,Jl. Soekarno Hatta Arah Selatan,cafe,127840,2.023,29
2026-09-03T20:40:10+07:00,077636403437244032401245,Jl. Terusan Dieng Arah Barat,cafe,67492,0.462,49
2026-09-04T00:17:44+07:00,318197263503692449077822,Jl. Tlogomas Arah Barat,commute,70124,1.607,49
2026-09-04T00:17:48+07:00,704720868465795037095760,Jl. Tlogomas Arah Timur,commute,59784,0.876,49
2026-09-04T00:17:51+07:00,097779292771471341955457,Pertigaan Tunggulmas,dest1+2,122764,0.081,49
2026-09-04T00:17:56+07:00,522539750301519499247770,Jembatan TunggulMas,dest2,115244,2.167,49
2026-09-04T00:17:59+07:00,180731272173025410229793,Jl Raya Tlogomas 83 Arah Timur,commute,69748,0.284,49
2026-09-04T00:18:04+07:00,572534477246123479166921,Jl Raya Tlogomas 14a Arah Barat,commute,70876,0.188,49
2026-09-04T00:18:07+07:00,639466428930627267991858,Jl. Sumber Sari Arah Utara,dest3,61100,1.093,49
2026-09-04T00:18:11+07:00,967823448439028638648911,Jl. Sigura-Gura Arah Barat,dest3,57340,0.881,49
2026-09-04T00:18:14+07:00,767576969564466612969572,Jl Veteran Gerbang UB,dest3,60160,0.293,29
2026-09-04T00:18:17+07:00,636589114401733445781917,Jl. Veteran Arah Timur,dest3,66552,0.482,49
2026-09-04T00:18:20+07:00,673512185163543498056968,Jl. Panjaitan Arah Timur,commute,64672,0.183,49
2026-09-04T00:18:23+07:00,446907421280943044413749,Jl MT Haryono Arah Barat,commute,129908,3.205,29
2026-09-04T00:18:28+07:00,268660637162985239935545,Jl. Ijen Arah Utara,cafe,62416,0.037,49
2026-09-04T00:18:31+07:00,322877538584592778525433,Jl. Kawi Arah Barat,cafe,64108,0.069,49
2026-09-04T00:18:35+07:00,184398221253246434285173,Jl. Soekarno Hatta Arah Timur (Center Point),cafe,58468,1.247,49
2026-09-04T00:18:37+07:00,227920422769509645238654,Jl. Soekarno Hatta Arah Selatan,cafe,135924,2.724,29
2026-09-04T00:18:41+07:00,077636403437244032401245,Jl. Terusan Dieng Arah Barat,cafe,66176,0.101,49
2026-09-04T03:01:07+07:00,318197263503692449077822,Jl. Tlogomas Arah Barat,commute,75952,1.78,49
2026-09-04T03:01:10+07:00,704720868465795037095760,Jl. Tlogomas Arah Timur,commute,82156,2.83,49
2026-09-04T03:01:13+07:00,097779292771471341955457,Pertigaan Tunggulmas,dest1+2,124644,0.197,49
2026-09-04T03:01:16+07:00,522539750301519499247770,Jembatan TunggulMas,dest2,118064,1.185,49
2026-09-04T03:01:19+07:00,180731272173025410229793,Jl Raya Tlogomas 83 Arah Timur,commute,67492,0.779,49
2026-09-04T03:01:22+07:00,572534477246123479166921,Jl Raya Tlogomas 14a Arah Barat,commute,66552,0.294,49
2026-09-04T03:01:25+07:00,639466428930627267991858,Jl. Sumber Sari Arah Utara,dest3,84788,2.069,49
2026-09-04T03:01:28+07:00,967823448439028638648911,Jl. Sigura-Gura Arah Barat,dest3,82720,2.087,49
2026-09-04T03:01:30+07:00,767576969564466612969572,Jl Veteran Gerbang UB,dest3,53768,0.096,29
2026-09-04T03:01:33+07:00,636589114401733445781917,Jl. Veteran Arah Timur,dest3,70500,0.119,49
2026-09-04T03:01:36+07:00,673512185163543498056968,Jl. Panjaitan Arah Timur,commute,68996,0.295,49
2026-09-04T03:01:38+07:00,446907421280943044413749,Jl MT Haryono Arah Barat,commute,115620,2.543,29
2026-09-04T03:01:41+07:00,268660637162985239935545,Jl. Ijen Arah Utara,cafe,65424,0.031,49
2026-09-04T03:01:47+07:00,322877538584592778525433,Jl. Kawi Arah Barat,cafe,69372,0.267,49
2026-09-04T03:01:50+07:00,184398221253246434285173,Jl. Soekarno Hatta Arah Timur (Center Point),cafe,62040,0.036,49
2026-09-04T03:01:52+07:00,227920422769509645238654,Jl. Soekarno Hatta Arah Selatan,cafe,134420,1.719,29
2026-09-04T03:01:55+07:00,077636403437244032401245,Jl. Terusan Dieng Arah Barat,cafe,71628,0.057,49
2026-09-04T05:31:45+07:00,318197263503692449077822,Jl. Tlogomas Arah Barat,commute,73132,2.377,49
2026-09-04T05:31:48+07:00,704720868465795037095760,Jl. Tlogomas Arah Timur,commute,56400,0.323,49
2026-09-04T05:31:50+07:00,097779292771471341955457,Pertigaan Tunggulmas,dest1+2,117500,1.102,49
2026-09-04T05:31:53+07:00,522539750301519499247770,Jembatan TunggulMas,dest2,121260,0.175,49
2026-09-04T05:31:56+07:00,180731272173025410229793,Jl Raya Tlogomas 83 Arah Timur,commute,67116,0.679,49
2026-09-04T05:31:59+07:00,572534477246123479166921,Jl Raya Tlogomas 14a Arah Barat,commute,65800,0.58,49
2026-09-04T05:32:02+07:00,639466428930627267991858,Jl. Sumber Sari Arah Utara,dest3,69184,0.527,49
2026-09-04T05:32:05+07:00,967823448439028638648911,Jl. Sigura-Gura Arah Barat,dest3,70312,0.899,49
2026-09-04T05:32:07+07:00,767576969564466612969572,Jl Veteran Gerbang UB,dest3,58844,0.186,29
2026-09-04T05:32:10+07:00,636589114401733445781917,Jl. Veteran Arah Timur,dest3,66928,0.242,49
2026-09-04T05:32:12+07:00,673512185163543498056968,Jl. Panjaitan Arah Timur,commute,63356,1.122,49
2026-09-04T05:32:15+07:00,446907421280943044413749,Jl MT Haryono Arah Barat,commute,131788,0.236,29
2026-09-04T05:32:17+07:00,268660637162985239935545,Jl. Ijen Arah Utara,cafe,64296,0.252,49
2026-09-04T05:32:20+07:00,322877538584592778525433,Jl. Kawi Arah Barat,cafe,73696,0.309,49
2026-09-04T05:32:22+07:00,184398221253246434285173,Jl. Soekarno Hatta Arah Timur (Center Point),cafe,63732,0.827,49
2026-09-04T05:32:25+07:00,227920422769509645238654,Jl. Soekarno Hatta Arah Selatan,cafe,132728,1.742,29
2026-09-04T05:32:28+07:00,077636403437244032401245,Jl. Terusan Dieng Arah Barat,cafe,70500,0.257,49
2026-09-04T07:21:06+07:00,318197263503692449077822,Jl. Tlogomas Arah Barat,commute,75388,2.159,49
2026-09-04T07:21:09+07:00,704720868465795037095760,Jl. Tlogomas Arah Timur,commute,70688,2.256,49
2026-09-04T07:21:12+07:00,097779292771471341955457,Pertigaan Tunggulmas,dest1+2,115808,6.265,49
2026-09-04T07:21:15+07:00,522539750301519499247770,Jembatan TunggulMas,dest2,117876,3.793,49
2026-09-04T07:21:18+07:00,180731272173025410229793,Jl Raya Tlogomas 83 Arah Timur,commute,63732,0.827,49
2026-09-04T07:21:21+07:00,572534477246123479166921,Jl Raya Tlogomas 14a Arah Barat,commute,67868,1.843,49
2026-09-04T07:21:24+07:00,639466428930627267991858,Jl. Sumber Sari Arah Utara,dest3,86668,1.973,49
2026-09-04T07:21:27+07:00,967823448439028638648911,Jl. Sigura-Gura Arah Barat,dest3,80088,1.96,49
2026-09-04T07:21:30+07:00,767576969564466612969572,Jl Veteran Gerbang UB,dest3,61476,0.713,29
2026-09-04T07:21:33+07:00,636589114401733445781917,Jl. Veteran Arah Timur,dest3,86856,3.095,49
2026-09-04T07:21:35+07:00,673512185163543498056968,Jl. Panjaitan Arah Timur,commute,108664,3.623,49
2026-09-04T07:21:38+07:00,446907421280943044413749,Jl MT Haryono Arah Barat,commute,128968,2.764,29
2026-09-04T07:21:41+07:00,268660637162985239935545,Jl. Ijen Arah Utara,cafe,104152,3.768,49
2026-09-04T07:21:44+07:00,322877538584592778525433,Jl. Kawi Arah Barat,cafe,68996,0.482,49
2026-09-04T07:21:47+07:00,184398221253246434285173,Jl. Soekarno Hatta Arah Timur (Center Point),cafe,77456,2.757,49
2026-09-04T07:21:50+07:00,227920422769509645238654,Jl. Soekarno Hatta Arah Selatan,cafe,136488,1.957,29
2026-09-04T07:21:53+07:00,077636403437244032401245,Jl. Terusan Dieng Arah Barat,cafe,68056,0.671,49
2026-09-04T11:53:36+07:00,318197263503692449077822,Jl. Tlogomas Arah Barat,commute,115996,3.901,49
2026-09-04T11:53:40+07:00,704720868465795037095760,Jl. Tlogomas Arah Timur,commute,61476,1.268,49
2026-09-04T11:53:42+07:00,097779292771471341955457,Pertigaan Tunggulmas,dest1+2,119380,6.372,49
2026-09-04T11:53:45+07:00,522539750301519499247770,Jembatan TunggulMas,dest2,119004,1.12,49
2026-09-04T11:53:47+07:00,180731272173025410229793,Jl Raya Tlogomas 83 Arah Timur,commute,66364,0.992,49
2026-09-04T11:53:50+07:00,572534477246123479166921,Jl Raya Tlogomas 14a Arah Barat,commute,72568,0.382,49
2026-09-04T11:53:52+07:00,639466428930627267991858,Jl. Sumber Sari Arah Utara,dest3,59972,0.579,49
2026-09-04T11:53:54+07:00,967823448439028638648911,Jl. Sigura-Gura Arah Barat,dest3,62980,0.557,49
2026-09-04T11:53:57+07:00,767576969564466612969572,Jl Veteran Gerbang UB,dest3,58468,1.61,29
2026-09-04T11:53:59+07:00,636589114401733445781917,Jl. Veteran Arah Timur,dest3,72756,2.052,49
2026-09-04T11:54:01+07:00,673512185163543498056968,Jl. Panjaitan Arah Timur,commute,64108,1.117,49
2026-09-04T11:54:04+07:00,446907421280943044413749,Jl MT Haryono Arah Barat,commute,134232,3.74,29
2026-09-04T11:54:06+07:00,268660637162985239935545,Jl. Ijen Arah Utara,cafe,78960,2.108,49
2026-09-04T11:54:11+07:00,322877538584592778525433,Jl. Kawi Arah Barat,cafe,58280,1.086,49
2026-09-04T11:54:13+07:00,184398221253246434285173,Jl. Soekarno Hatta Arah Timur (Center Point),cafe,89112,3.91,49
2026-09-04T11:54:15+07:00,227920422769509645238654,Jl. Soekarno Hatta Arah Selatan,cafe,137428,1.744,29
2026-09-04T11:54:18+07:00,077636403437244032401245,Jl. Terusan Dieng Arah Barat,cafe,65048,0.178,49
2026-09-04T16:19:34+07:00,318197263503692449077822,Jl. Tlogomas Arah Barat,commute,74448,1.865,49
2026-09-04T16:19:37+07:00,704720868465795037095760,Jl. Tlogomas Arah Timur,commute,55084,1.401,49
2026-09-04T16:19:39+07:00,097779292771471341955457,Pertigaan Tunggulmas,dest1+2,131036,4.656,49
2026-09-04T16:19:42+07:00,522539750301519499247770,Jembatan TunggulMas,dest2,121072,0.94,49
2026-09-04T16:19:45+07:00,180731272173025410229793,Jl Raya Tlogomas 83 Arah Timur,commute,99640,1.395,49
2026-09-04T16:19:47+07:00,572534477246123479166921,Jl Raya Tlogomas 14a Arah Barat,commute,62416,0.878,49
2026-09-04T16:19:50+07:00,639466428930627267991858,Jl. Sumber Sari Arah Utara,dest3,75388,1.788,49
2026-09-04T16:19:52+07:00,967823448439028638648911,Jl. Sigura-Gura Arah Barat,dest3,139496,5.575,49
2026-09-04T16:19:55+07:00,767576969564466612969572,Jl Veteran Gerbang UB,dest3,58092,0.923,29
2026-09-04T16:19:57+07:00,636589114401733445781917,Jl. Veteran Arah Timur,dest3,92308,1.834,49
2026-09-04T16:19:59+07:00,673512185163543498056968,Jl. Panjaitan Arah Timur,commute,77268,2.012,49
2026-09-04T16:20:02+07:00,446907421280943044413749,Jl MT Haryono Arah Barat,commute,131600,5.24,29
2026-09-04T16:20:04+07:00,268660637162985239935545,Jl. Ijen Arah Utara,cafe,81780,2.575,49
2026-09-04T16:20:07+07:00,322877538584592778525433,Jl. Kawi Arah Barat,cafe,97384,2.55,49
2026-09-04T16:20:09+07:00,184398221253246434285173,Jl. Soekarno Hatta Arah Timur (Center Point),cafe,124456,4.603,49
2026-09-04T16:20:12+07:00,227920422769509645238654,Jl. Soekarno Hatta Arah Selatan,cafe,134232,1.334,29
2026-09-04T16:20:15+07:00,077636403437244032401245,Jl. Terusan Dieng Arah Barat,cafe,66176,0.854,49
2026-09-04T20:40:46+07:00,318197263503692449077822,Jl. Tlogomas Arah Barat,commute,67680,1.677,49
2026-09-04T20:40:51+07:00,704720868465795037095760,Jl. Tlogomas Arah Timur,commute,72944,2.571,49
2026-09-04T20:40:54+07:00,097779292771471341955457,Pertigaan Tunggulmas,dest1+2,106596,3.889,49
2026-09-04T20:40:57+07:00,522539750301519499247770,Jembatan TunggulMas,dest2,122952,1.006,49
2026-09-04T20:40:59+07:00,180731272173025410229793,Jl Raya Tlogomas 83 Arah Timur,commute,102084,3.884,49
2026-09-04T20:41:02+07:00,572534477246123479166921,Jl Raya Tlogomas 14a Arah Barat,commute,89864,3.975,49
2026-09-04T20:41:05+07:00,639466428930627267991858,Jl. Sumber Sari Arah Utara,dest3,83660,2.106,49
2026-09-04T20:41:08+07:00,967823448439028638648911,Jl. Sigura-Gura Arah Barat,dest3,76892,2.103,49
2026-09-04T20:41:10+07:00,767576969564466612969572,Jl Veteran Gerbang UB,dest3,60160,0.534,29
2026-09-04T20:41:13+07:00,636589114401733445781917,Jl. Veteran Arah Timur,dest3,72004,0.808,49
2026-09-04T20:41:16+07:00,673512185163543498056968,Jl. Panjaitan Arah Timur,commute,65612,0.242,49
2026-09-04T20:41:18+07:00,446907421280943044413749,Jl MT Haryono Arah Barat,commute,129344,4.377,29
2026-09-04T20:41:21+07:00,268660637162985239935545,Jl. Ijen Arah Utara,cafe,74072,2.615,49
2026-09-04T20:41:24+07:00,322877538584592778525433,Jl. Kawi Arah Barat,cafe,77644,2.15,49
2026-09-04T20:41:26+07:00,184398221253246434285173,Jl. Soekarno Hatta Arah Timur (Center Point),cafe,53956,4.152,49
2026-09-04T20:41:29+07:00,227920422769509645238654,Jl. Soekarno Hatta Arah Selatan,cafe,127088,3.294,29
2026-09-04T20:41:32+07:00,077636403437244032401245,Jl. Terusan Dieng Arah Barat,cafe,69372,0.332,49
2026-09-05T00:08:10+07:00,318197263503692449077822,Jl. Tlogomas Arah Barat,commute,68808,1.861,49
2026-09-05T00:08:14+07:00,704720868465795037095760,Jl. Tlogomas Arah Timur,commute,67304,0.5,49
2026-09-05T00:08:17+07:00,097779292771471341955457,Pertigaan Tunggulmas,dest1+2,119192,0.898,49
2026-09-05T00:08:20+07:00,522539750301519499247770,Jembatan TunggulMas,dest2,119756,1.194,49
2026-09-05T00:08:23+07:00,180731272173025410229793,Jl Raya Tlogomas 83 Arah Timur,commute,90240,2.619,49
2026-09-05T00:08:26+07:00,572534477246123479166921,Jl Raya Tlogomas 14a Arah Barat,commute,70124,0.573,49
2026-09-05T00:08:29+07:00,639466428930627267991858,Jl. Sumber Sari Arah Utara,dest3,64672,1.103,49
2026-09-05T00:08:32+07:00,967823448439028638648911,Jl. Sigura-Gura Arah Barat,dest3,64484,1.407,49
2026-09-05T00:08:35+07:00,767576969564466612969572,Jl Veteran Gerbang UB,dest3,59596,0.555,29
2026-09-05T00:08:38+07:00,636589114401733445781917,Jl. Veteran Arah Timur,dest3,54332,0.613,49
2026-09-05T00:08:41+07:00,673512185163543498056968,Jl. Panjaitan Arah Timur,commute,68056,1.065,49
2026-09-05T00:08:44+07:00,446907421280943044413749,Jl MT Haryono Arah Barat,commute,135736,1.244,29
2026-09-05T00:08:47+07:00,268660637162985239935545,Jl. Ijen Arah Utara,cafe,63544,0.578,49
2026-09-05T00:08:50+07:00,322877538584592778525433,Jl. Kawi Arah Barat,cafe,81404,2.163,49
2026-09-05T00:08:53+07:00,184398221253246434285173,Jl. Soekarno Hatta Arah Timur (Center Point),cafe,65048,1.917,49
2026-09-05T00:08:56+07:00,227920422769509645238654,Jl. Soekarno Hatta Arah Selatan,cafe,125208,4.023,29
2026-09-05T00:08:59+07:00,077636403437244032401245,Jl. Terusan Dieng Arah Barat,cafe,72192,0.118,49
2026-09-05T02:39:39+07:00,318197263503692449077822,Jl. Tlogomas Arah Barat,commute,69372,0.854,49
2026-09-05T02:39:41+07:00,704720868465795037095760,Jl. Tlogomas Arah Timur,commute,72004,1.438,49
2026-09-05T02:39:44+07:00,097779292771471341955457,Pertigaan Tunggulmas,dest1+2,115808,0.226,49
2026-09-05T02:39:47+07:00,522539750301519499247770,Jembatan TunggulMas,dest2,116936,0.115,49
2026-09-05T02:39:50+07:00,180731272173025410229793,Jl Raya Tlogomas 83 Arah Timur,commute,66740,0.527,49
2026-09-05T02:39:52+07:00,572534477246123479166921,Jl Raya Tlogomas 14a Arah Barat,commute,59032,0.206,49
2026-09-05T02:39:56+07:00,639466428930627267991858,Jl. Sumber Sari Arah Utara,dest3,74636,1.731,49
2026-09-05T02:39:58+07:00,967823448439028638648911,Jl. Sigura-Gura Arah Barat,dest3,73696,2.53,49
2026-09-05T02:40:01+07:00,767576969564466612969572,Jl Veteran Gerbang UB,dest3,53016,0.054,29
2026-09-05T02:40:03+07:00,636589114401733445781917,Jl. Veteran Arah Timur,dest3,68996,0.375,49
2026-09-05T02:40:06+07:00,673512185163543498056968,Jl. Panjaitan Arah Timur,commute,56588,0.077,49
2026-09-05T02:40:09+07:00,446907421280943044413749,Jl MT Haryono Arah Barat,commute,121260,1.972,29
2026-09-05T02:40:11+07:00,268660637162985239935545,Jl. Ijen Arah Utara,cafe,66928,0.706,49
2026-09-05T02:40:14+07:00,322877538584592778525433,Jl. Kawi Arah Barat,cafe,66552,0.706,49
2026-09-05T02:40:18+07:00,184398221253246434285173,Jl. Soekarno Hatta Arah Timur (Center Point),cafe,61288,0.022,49
2026-09-05T02:40:21+07:00,227920422769509645238654,Jl. Soekarno Hatta Arah Selatan,cafe,132164,0.976,29
2026-09-05T02:40:24+07:00,077636403437244032401245,Jl. Terusan Dieng Arah Barat,cafe,68244,0.049,49
2026-09-05T04:51:40+07:00,318197263503692449077822,Jl. Tlogomas Arah Barat,commute,69748,1.212,49
2026-09-05T04:51:42+07:00,704720868465795037095760,Jl. Tlogomas Arah Timur,commute,68620,0.991,49
2026-09-05T04:51:44+07:00,097779292771471341955457,Pertigaan Tunggulmas,dest1+2,118064,4.047,49
2026-09-05T04:51:47+07:00,522539750301519499247770,Jembatan TunggulMas,dest2,116372,1.344,49
2026-09-05T04:51:50+07:00,180731272173025410229793,Jl Raya Tlogomas 83 Arah Timur,commute,65048,0.179,49
2026-09-05T04:51:52+07:00,572534477246123479166921,Jl Raya Tlogomas 14a Arah Barat,commute,67492,1.529,49
2026-09-05T04:51:54+07:00,639466428930627267991858,Jl. Sumber Sari Arah Utara,dest3,71440,0.913,49
2026-09-05T04:51:56+07:00,967823448439028638648911,Jl. Sigura-Gura Arah Barat,dest3,56588,0.809,49
2026-09-05T04:51:59+07:00,767576969564466612969572,Jl Veteran Gerbang UB,dest3,56400,0.707,29
2026-09-05T04:52:01+07:00,636589114401733445781917,Jl. Veteran Arah Timur,dest3,71816,1.271,49
2026-09-05T04:52:03+07:00,673512185163543498056968,Jl. Panjaitan Arah Timur,commute,66552,0.035,49
2026-09-05T04:52:05+07:00,446907421280943044413749,Jl MT Haryono Arah Barat,commute,136488,1.044,29
2026-09-05T04:52:08+07:00,268660637162985239935545,Jl. Ijen Arah Utara,cafe,50760,0.489,49
2026-09-05T04:52:10+07:00,322877538584592778525433,Jl. Kawi Arah Barat,cafe,70124,0.968,49
2026-09-05T04:52:13+07:00,184398221253246434285173,Jl. Soekarno Hatta Arah Timur (Center Point),cafe,66928,1.559,49
2026-09-05T04:52:15+07:00,227920422769509645238654,Jl. Soekarno Hatta Arah Selatan,cafe,127276,1.537,29
2026-09-05T04:52:17+07:00,077636403437244032401245,Jl. Terusan Dieng Arah Barat,cafe,69936,0.106,49
2026-09-05T06:38:57+07:00,318197263503692449077822,Jl. Tlogomas Arah Barat,commute,96632,3.713,49
2026-09-05T06:39:00+07:00,704720868465795037095760,Jl. Tlogomas Arah Timur,commute,78960,2.171,49
2026-09-05T06:39:02+07:00,097779292771471341955457,Pertigaan Tunggulmas,dest1+2,118816,3.433,49
2026-09-05T06:39:05+07:00,522539750301519499247770,Jembatan TunggulMas,dest2,123704,1.104,49
2026-09-05T06:39:07+07:00,180731272173025410229793,Jl Raya Tlogomas 83 Arah Timur,commute,67116,1.409,49
2026-09-05T06:39:10+07:00,572534477246123479166921,Jl Raya Tlogomas 14a Arah Barat,commute,79712,3.153,49
2026-09-05T06:39:13+07:00,639466428930627267991858,Jl. Sumber Sari Arah Utara,dest3,63356,0.441,49
2026-09-05T06:39:15+07:00,967823448439028638648911,Jl. Sigura-Gura Arah Barat,dest3,62416,0.757,49
2026-09-05T06:39:18+07:00,767576969564466612969572,Jl Veteran Gerbang UB,dest3,47000,0.052,29
2026-09-05T06:39:20+07:00,636589114401733445781917,Jl. Veteran Arah Timur,dest3,63732,0.851,49
2026-09-05T06:39:22+07:00,673512185163543498056968,Jl. Panjaitan Arah Timur,commute,61852,0.167,49
2026-09-05T06:39:25+07:00,446907421280943044413749,Jl MT Haryono Arah Barat,commute,128968,1.425,29
2026-09-05T06:39:28+07:00,268660637162985239935545,Jl. Ijen Arah Utara,cafe,60536,0.654,49
2026-09-05T06:39:30+07:00,322877538584592778525433,Jl. Kawi Arah Barat,cafe,68808,1.481,49
2026-09-05T06:39:32+07:00,184398221253246434285173,Jl. Soekarno Hatta Arah Timur (Center Point),cafe,117876,5.0,49
2026-09-05T06:39:35+07:00,227920422769509645238654,Jl. Soekarno Hatta Arah Selatan,cafe,139496,2.414,29
2026-09-05T06:39:37+07:00,077636403437244032401245,Jl. Terusan Dieng Arah Barat,cafe,65612,0.41,49
2026-09-05T08:26:57+07:00,318197263503692449077822,Jl. Tlogomas Arah Barat,commute,63356,0.72,49
2026-09-05T08:27:00+07:00,704720868465795037095760,Jl. Tlogomas Arah Timur,commute,95692,3.534,49
2026-09-05T08:27:02+07:00,097779292771471341955457,Pertigaan Tunggulmas,dest1+2,147956,7.694,49
2026-09-05T08:27:05+07:00,522539750301519499247770,Jembatan TunggulMas,dest2,137616,6.261,49
2026-09-05T08:27:08+07:00,180731272173025410229793,Jl Raya Tlogomas 83 Arah Timur,commute,118064,6.795,49
2026-09-05T08:27:10+07:00,572534477246123479166921,Jl Raya Tlogomas 14a Arah Barat,commute,90804,4.662,49
2026-09-05T08:27:13+07:00,639466428930627267991858,Jl. Sumber Sari Arah Utara,dest3,100204,3.447,49
2026-09-05T08:27:15+07:00,967823448439028638648911,Jl. Sigura-Gura Arah Barat,dest3,61852,1.262,49
2026-09-05T08:27:18+07:00,767576969564466612969572,Jl Veteran Gerbang UB,dest3,64484,0.487,29
2026-09-05T08:27:20+07:00,636589114401733445781917,Jl. Veteran Arah Timur,dest3,49256,0.743,49
2026-09-05T08:27:22+07:00,673512185163543498056968,Jl. Panjaitan Arah Timur,commute,63356,0.647,49
2026-09-05T08:27:25+07:00,446907421280943044413749,Jl MT Haryono Arah Barat,commute,131976,6.893,29
2026-09-05T08:27:27+07:00,268660637162985239935545,Jl. Ijen Arah Utara,cafe,64672,1.719,49
2026-09-05T08:27:30+07:00,322877538584592778525433,Jl. Kawi Arah Barat,cafe,64484,0.348,49
2026-09-05T08:27:32+07:00,184398221253246434285173,Jl. Soekarno Hatta Arah Timur (Center Point),cafe,99264,5.247,49
2026-09-05T08:27:35+07:00,227920422769509645238654,Jl. Soekarno Hatta Arah Selatan,cafe,131976,1.757,29
2026-09-05T08:27:37+07:00,077636403437244032401245,Jl. Terusan Dieng Arah Barat,cafe,66552,0.722,49
2026-09-05T13:14:53+07:00,318197263503692449077822,Jl. Tlogomas Arah Barat,commute,87420,3.063,49
2026-09-05T13:14:57+07:00,704720868465795037095760,Jl. Tlogomas Arah Timur,commute,65800,1.905,49
2026-09-05T13:15:00+07:00,097779292771471341955457,Pertigaan Tunggulmas,dest1+2,90992,2.099,49
2026-09-05T13:15:03+07:00,522539750301519499247770,Jembatan TunggulMas,dest2,123328,0.884,49
2026-09-05T13:15:06+07:00,180731272173025410229793,Jl Raya Tlogomas 83 Arah Timur,commute,170892,2.69,49
2026-09-05T13:15:10+07:00,572534477246123479166921,Jl Raya Tlogomas 14a Arah Barat,commute,140436,3.669,49
2026-09-05T13:15:13+07:00,639466428930627267991858,Jl. Sumber Sari Arah Utara,dest3,114492,3.745,49
2026-09-05T13:15:16+07:00,967823448439028638648911,Jl. Sigura-Gura Arah Barat,dest3,104904,3.236,49
2026-09-05T13:15:20+07:00,767576969564466612969572,Jl Veteran Gerbang UB,dest3,61288,2.121,29
2026-09-05T13:15:23+07:00,636589114401733445781917,Jl. Veteran Arah Timur,dest3,94376,2.984,49
2026-09-05T13:15:26+07:00,673512185163543498056968,Jl. Panjaitan Arah Timur,commute,79524,2.341,49
2026-09-05T13:15:29+07:00,446907421280943044413749,Jl MT Haryono Arah Barat,commute,131788,9.497,29
2026-09-05T13:15:32+07:00,268660637162985239935545,Jl. Ijen Arah Utara,cafe,97384,2.068,49
2026-09-05T13:15:35+07:00,322877538584592778525433,Jl. Kawi Arah Barat,cafe,64484,1.735,49
2026-09-05T13:15:38+07:00,184398221253246434285173,Jl. Soekarno Hatta Arah Timur (Center Point),cafe,87420,4.455,49
2026-09-05T13:15:40+07:00,227920422769509645238654,Jl. Soekarno Hatta Arah Selatan,cafe,128216,1.941,29
2026-09-05T13:15:44+07:00,077636403437244032401245,Jl. Terusan Dieng Arah Barat,cafe,69560,0.98,49
2026-09-05T17:43:56+07:00,318197263503692449077822,Jl. Tlogomas Arah Barat,commute,60724,1.194,49
2026-09-05T17:43:58+07:00,704720868465795037095760,Jl. Tlogomas Arah Timur,commute,56964,0.807,49
2026-09-05T17:44:01+07:00,097779292771471341955457,Pertigaan Tunggulmas,dest1+2,119756,7.248,49
2026-09-05T17:44:03+07:00,522539750301519499247770,Jembatan TunggulMas,dest2,124080,0.437,49
2026-09-05T17:44:06+07:00,180731272173025410229793,Jl Raya Tlogomas 83 Arah Timur,commute,69184,1.396,49
2026-09-05T17:44:09+07:00,572534477246123479166921,Jl Raya Tlogomas 14a Arah Barat,commute,66176,0.955,49
2026-09-05T17:44:11+07:00,639466428930627267991858,Jl. Sumber Sari Arah Utara,dest3,74448,0.979,49
2026-09-05T17:44:13+07:00,967823448439028638648911,Jl. Sigura-Gura Arah Barat,dest3,76892,1.533,49
2026-09-05T17:44:16+07:00,767576969564466612969572,Jl Veteran Gerbang UB,dest3,60724,0.796,29
2026-09-05T17:44:18+07:00,636589114401733445781917,Jl. Veteran Arah Timur,dest3,66364,1.839,49
2026-09-05T17:44:21+07:00,673512185163543498056968,Jl. Panjaitan Arah Timur,commute,66176,2.168,49
2026-09-05T17:44:23+07:00,446907421280943044413749,Jl MT Haryono Arah Barat,commute,129908,2.827,29
2026-09-05T17:44:25+07:00,268660637162985239935545,Jl. Ijen Arah Utara,cafe,69936,2.249,49
2026-09-05T17:44:28+07:00,322877538584592778525433,Jl. Kawi Arah Barat,cafe,57904,1.145,49
2026-09-05T17:44:30+07:00,184398221253246434285173,Jl. Soekarno Hatta Arah Timur (Center Point),cafe,56964,3.06,49
2026-09-05T17:44:33+07:00,227920422769509645238654,Jl. Soekarno Hatta Arah Selatan,cafe,133668,1.435,29
2026-09-05T17:44:35+07:00,077636403437244032401245,Jl. Terusan Dieng Arah Barat,cafe,70124,1.401,49
2026-09-05T20:34:29+07:00,318197263503692449077822,Jl. Tlogomas Arah Barat,commute,86668,3.125,49
2026-09-05T20:34:33+07:00,704720868465795037095760,Jl. Tlogomas Arah Timur,commute,71440,1.856,49
2026-09-05T20:34:36+07:00,097779292771471341955457,Pertigaan Tunggulmas,dest1+2,122012,4.0,49
2026-09-05T20:34:39+07:00,522539750301519499247770,Jembatan TunggulMas,dest2,115808,0.779,49
2026-09-05T20:34:42+07:00,180731272173025410229793,Jl Raya Tlogomas 83 Arah Timur,commute,112800,4.487,49
2026-09-05T20:34:45+07:00,572534477246123479166921,Jl Raya Tlogomas 14a Arah Barat,commute,62228,1.391,49
2026-09-05T20:34:47+07:00,639466428930627267991858,Jl. Sumber Sari Arah Utara,dest3,81028,2.001,49
2026-09-05T20:34:50+07:00,967823448439028638648911,Jl. Sigura-Gura Arah Barat,dest3,81028,1.886,49
2026-09-05T20:34:53+07:00,767576969564466612969572,Jl Veteran Gerbang UB,dest3,71252,1.144,29
2026-09-05T20:34:56+07:00,636589114401733445781917,Jl. Veteran Arah Timur,dest3,66740,2.145,49
2026-09-05T20:34:58+07:00,673512185163543498056968,Jl. Panjaitan Arah Timur,commute,79148,2.42,49
2026-09-05T20:35:01+07:00,446907421280943044413749,Jl MT Haryono Arah Barat,commute,131788,4.132,29
2026-09-05T20:35:04+07:00,268660637162985239935545,Jl. Ijen Arah Utara,cafe,105656,4.33,49
2026-09-05T20:35:07+07:00,322877538584592778525433,Jl. Kawi Arah Barat,cafe,97384,2.877,49
2026-09-05T20:35:10+07:00,184398221253246434285173,Jl. Soekarno Hatta Arah Timur (Center Point),cafe,52640,2.386,49
2026-09-05T20:35:13+07:00,227920422769509645238654,Jl. Soekarno Hatta Arah Selatan,cafe,126524,2.941,29
2026-09-05T20:35:16+07:00,077636403437244032401245,Jl. Terusan Dieng Arah Barat,cafe,67868,0.931,49
2026-09-05T23:14:28+07:00,318197263503692449077822,Jl. Tlogomas Arah Barat,commute,97572,4.657,49
2026-09-05T23:14:31+07:00,704720868465795037095760,Jl. Tlogomas Arah Timur,commute,87420,4.131,49
2026-09-05T23:14:39+07:00,097779292771471341955457,Pertigaan Tunggulmas,dest1+2,116936,3.534,49
2026-09-05T23:14:42+07:00,522539750301519499247770,Jembatan TunggulMas,dest2,120696,0.503,49
2026-09-05T23:14:46+07:00,180731272173025410229793,Jl Raya Tlogomas 83 Arah Timur,commute,107536,2.693,49
2026-09-05T23:14:49+07:00,572534477246123479166921,Jl Raya Tlogomas 14a Arah Barat,commute,83472,3.109,49
2026-09-05T23:14:51+07:00,639466428930627267991858,Jl. Sumber Sari Arah Utara,dest3,58468,0.824,49
2026-09-05T23:14:54+07:00,967823448439028638648911,Jl. Sigura-Gura Arah Barat,dest3,77832,1.607,49
2026-09-05T23:14:56+07:00,767576969564466612969572,Jl Veteran Gerbang UB,dest3,62040,0.488,29
2026-09-05T23:14:59+07:00,636589114401733445781917,Jl. Veteran Arah Timur,dest3,70876,3.021,49
2026-09-05T23:15:02+07:00,673512185163543498056968,Jl. Panjaitan Arah Timur,commute,64860,0.376,49
2026-09-05T23:15:04+07:00,446907421280943044413749,Jl MT Haryono Arah Barat,commute,131788,4.537,29
2026-09-05T23:15:07+07:00,268660637162985239935545,Jl. Ijen Arah Utara,cafe,56588,0.959,49
2026-09-05T23:15:10+07:00,322877538584592778525433,Jl. Kawi Arah Barat,cafe,71440,0.999,49
2026-09-05T23:15:12+07:00,184398221253246434285173,Jl. Soekarno Hatta Arah Timur (Center Point),cafe,40044,1.997,49
2026-09-05T23:15:15+07:00,227920422769509645238654,Jl. Soekarno Hatta Arah Selatan,cafe,128028,1.952,29
2026-09-05T23:15:18+07:00,077636403437244032401245,Jl. Terusan Dieng Arah Barat,cafe,68996,0.065,49
2026-09-06T01:23:21+07:00,318197263503692449077822,Jl. Tlogomas Arah Barat,commute,71440,1.301,49
2026-09-06T01:23:24+07:00,704720868465795037095760,Jl. Tlogomas Arah Timur,commute,72192,1.284,49
2026-09-06T01:23:27+07:00,097779292771471341955457,Pertigaan Tunggulmas,dest1+2,117312,1.551,49
2026-09-06T01:23:30+07:00,522539750301519499247770,Jembatan TunggulMas,dest2,122764,0.994,49
2026-09-06T01:23:33+07:00,180731272173025410229793,Jl Raya Tlogomas 83 Arah Timur,commute,70500,0.477,49
2026-09-06T01:23:35+07:00,572534477246123479166921,Jl Raya Tlogomas 14a Arah Barat,commute,64860,0.902,49
2026-09-06T01:23:38+07:00,639466428930627267991858,Jl. Sumber Sari Arah Utara,dest3,60536,0.749,49
2026-09-06T01:23:41+07:00,967823448439028638648911,Jl. Sigura-Gura Arah Barat,dest3,64108,0.443,49
2026-09-06T01:23:43+07:00,767576969564466612969572,Jl Veteran Gerbang UB,dest3,62040,0.239,29
2026-09-06T01:23:46+07:00,636589114401733445781917,Jl. Veteran Arah Timur,dest3,62604,0.307,49
2026-09-06T01:23:48+07:00,673512185163543498056968,Jl. Panjaitan Arah Timur,commute,66364,0.54,49
2026-09-06T01:23:51+07:00,446907421280943044413749,Jl MT Haryono Arah Barat,commute,132540,2.34,29
2026-09-06T01:23:53+07:00,268660637162985239935545,Jl. Ijen Arah Utara,cafe,68432,0.086,49
2026-09-06T01:23:56+07:00,322877538584592778525433,Jl. Kawi Arah Barat,cafe,67304,0.058,49
2026-09-06T01:23:58+07:00,184398221253246434285173,Jl. Soekarno Hatta Arah Timur (Center Point),cafe,65236,0.843,49
2026-09-06T01:24:01+07:00,227920422769509645238654,Jl. Soekarno Hatta Arah Selatan,cafe,146076,3.033,29
2026-09-06T01:24:03+07:00,077636403437244032401245,Jl. Terusan Dieng Arah Barat,cafe,70688,0.078,49
2026-09-06T03:34:37+07:00,318197263503692449077822,Jl. Tlogomas Arah Barat,commute,68808,0.522,49
2026-09-06T03:34:40+07:00,704720868465795037095760,Jl. Tlogomas Arah Timur,commute,45308,0.196,49
2026-09-06T03:34:42+07:00,097779292771471341955457,Pertigaan Tunggulmas,dest1+2,123516,4.479,49
2026-09-06T03:34:45+07:00,522539750301519499247770,Jembatan TunggulMas,dest2,120320,0.83,49
2026-09-06T03:34:48+07:00,180731272173025410229793,Jl Raya Tlogomas 83 Arah Timur,commute,59408,0.165,49
2026-09-06T03:34:50+07:00,572534477246123479166921,Jl Raya Tlogomas 14a Arah Barat,commute,72756,1.535,49
2026-09-06T03:34:53+07:00,639466428930627267991858,Jl. Sumber Sari Arah Utara,dest3,60724,0.649,49
2026-09-06T03:34:55+07:00,967823448439028638648911,Jl. Sigura-Gura Arah Barat,dest3,63356,0.089,49
2026-09-06T03:34:58+07:00,767576969564466612969572,Jl Veteran Gerbang UB,dest3,67680,0.514,29
2026-09-06T03:35:00+07:00,636589114401733445781917,Jl. Veteran Arah Timur,dest3,61100,0.115,49
2026-09-06T03:35:03+07:00,673512185163543498056968,Jl. Panjaitan Arah Timur,commute,68996,0.207,49
2026-09-06T03:35:05+07:00,446907421280943044413749,Jl MT Haryono Arah Barat,commute,135736,1.504,29
2026-09-06T03:35:08+07:00,268660637162985239935545,Jl. Ijen Arah Utara,cafe,82156,1.935,49
2026-09-06T03:35:10+07:00,322877538584592778525433,Jl. Kawi Arah Barat,cafe,68432,0.043,49
2026-09-06T03:35:13+07:00,184398221253246434285173,Jl. Soekarno Hatta Arah Timur (Center Point),cafe,61664,0.51,49
2026-09-06T03:35:15+07:00,227920422769509645238654,Jl. Soekarno Hatta Arah Selatan,cafe,130096,0.757,29
2026-09-06T03:35:18+07:00,077636403437244032401245,Jl. Terusan Dieng Arah Barat,cafe,68808,0.083,49
2026-09-06T05:16:06+07:00,318197263503692449077822,Jl. Tlogomas Arah Barat,commute,67492,0.984,49
2026-09-06T05:16:09+07:00,704720868465795037095760,Jl. Tlogomas Arah Timur,commute,73132,0.288,49
2026-09-06T05:16:11+07:00,097779292771471341955457,Pertigaan Tunggulmas,dest1+2,117876,2.475,49
2026-09-06T05:16:14+07:00,522539750301519499247770,Jembatan TunggulMas,dest2,123328,1.045,49
2026-09-06T05:16:16+07:00,180731272173025410229793,Jl Raya Tlogomas 83 Arah Timur,commute,63356,2.628,49
2026-09-06T05:16:18+07:00,572534477246123479166921,Jl Raya Tlogomas 14a Arah Barat,commute,66176,1.476,49
2026-09-06T05:16:21+07:00,639466428930627267991858,Jl. Sumber Sari Arah Utara,dest3,68244,0.259,49
2026-09-06T05:16:23+07:00,967823448439028638648911,Jl. Sigura-Gura Arah Barat,dest3,71816,0.506,49
2026-09-06T05:16:25+07:00,767576969564466612969572,Jl Veteran Gerbang UB,dest3,64672,0.889,29
2026-09-06T05:16:28+07:00,636589114401733445781917,Jl. Veteran Arah Timur,dest3,65988,0.13,49
2026-09-06T05:16:30+07:00,673512185163543498056968,Jl. Panjaitan Arah Timur,commute,67304,0.436,49
2026-09-06T05:16:32+07:00,446907421280943044413749,Jl MT Haryono Arah Barat,commute,130284,1.398,29
2026-09-06T05:16:34+07:00,268660637162985239935545,Jl. Ijen Arah Utara,cafe,84036,0.637,49
2026-09-06T05:16:37+07:00,322877538584592778525433,Jl. Kawi Arah Barat,cafe,70688,0.026,49
2026-09-06T05:16:39+07:00,184398221253246434285173,Jl. Soekarno Hatta Arah Timur (Center Point),cafe,65048,1.912,49
2026-09-06T05:16:41+07:00,227920422769509645238654,Jl. Soekarno Hatta Arah Selatan,cafe,138932,0.374,29
2026-09-06T05:16:43+07:00,077636403437244032401245,Jl. Terusan Dieng Arah Barat,cafe,70876,0.043,49
2026-09-06T06:59:31+07:00,318197263503692449077822,Jl. Tlogomas Arah Barat,commute,65424,2.162,49
2026-09-06T06:59:34+07:00,704720868465795037095760,Jl. Tlogomas Arah Timur,commute,69748,2.959,49
2026-09-06T06:59:37+07:00,097779292771471341955457,Pertigaan Tunggulmas,dest1+2,118252,3.327,49
2026-09-06T06:59:39+07:00,522539750301519499247770,Jembatan TunggulMas,dest2,123328,1.245,49
2026-09-06T06:59:42+07:00,180731272173025410229793,Jl Raya Tlogomas 83 Arah Timur,commute,94376,4.372,49
2026-09-06T06:59:45+07:00,572534477246123479166921,Jl Raya Tlogomas 14a Arah Barat,commute,79336,2.256,49
2026-09-06T06:59:48+07:00,639466428930627267991858,Jl. Sumber Sari Arah Utara,dest3,68996,0.464,49
2026-09-06T06:59:50+07:00,967823448439028638648911,Jl. Sigura-Gura Arah Barat,dest3,65800,0.575,49
2026-09-06T06:59:53+07:00,767576969564466612969572,Jl Veteran Gerbang UB,dest3,54144,0.052,29
2026-09-06T06:59:56+07:00,636589114401733445781917,Jl. Veteran Arah Timur,dest3,60912,0.491,49
2026-09-06T06:59:58+07:00,673512185163543498056968,Jl. Panjaitan Arah Timur,commute,69560,0.627,49
2026-09-06T07:00:01+07:00,446907421280943044413749,Jl MT Haryono Arah Barat,commute,133856,5.698,29
2026-09-06T07:00:04+07:00,268660637162985239935545,Jl. Ijen Arah Utara,cafe,73132,1.03,49
2026-09-06T07:00:07+07:00,322877538584592778525433,Jl. Kawi Arah Barat,cafe,78584,2.454,49
2026-09-06T07:00:10+07:00,184398221253246434285173,Jl. Soekarno Hatta Arah Timur (Center Point),cafe,59408,2.223,49
2026-09-06T07:00:12+07:00,227920422769509645238654,Jl. Soekarno Hatta Arah Selatan,cafe,124832,1.097,29
2026-09-06T07:00:15+07:00,077636403437244032401245,Jl. Terusan Dieng Arah Barat,cafe,63732,0.279,49
2026-09-06T11:29:34+07:00,318197263503692449077822,Jl. Tlogomas Arah Barat,commute,101520,2.824,49
2026-09-06T11:29:37+07:00,704720868465795037095760,Jl. Tlogomas Arah Timur,commute,64860,1.139,49
2026-09-06T11:29:40+07:00,097779292771471341955457,Pertigaan Tunggulmas,dest1+2,136300,6.093,49
2026-09-06T11:29:42+07:00,522539750301519499247770,Jembatan TunggulMas,dest2,121824,1.068,49
2026-09-06T11:29:45+07:00,180731272173025410229793,Jl Raya Tlogomas 83 Arah Timur,commute,73508,2.666,49
2026-09-06T11:29:47+07:00,572534477246123479166921,Jl Raya Tlogomas 14a Arah Barat,commute,56964,1.733,49
2026-09-06T11:29:49+07:00,639466428930627267991858,Jl. Sumber Sari Arah Utara,dest3,85916,2.236,49
2026-09-06T11:29:52+07:00,967823448439028638648911,Jl. Sigura-Gura Arah Barat,dest3,111672,2.533,49
2026-09-06T11:29:54+07:00,767576969564466612969572,Jl Veteran Gerbang UB,dest3,59596,2.229,29
2026-09-06T11:29:56+07:00,636589114401733445781917,Jl. Veteran Arah Timur,dest3,114304,4.494,49
2026-09-06T11:29:59+07:00,673512185163543498056968,Jl. Panjaitan Arah Timur,commute,69560,1.007,49
2026-09-06T11:30:01+07:00,446907421280943044413749,Jl MT Haryono Arah Barat,commute,132540,2.719,29
2026-09-06T11:30:04+07:00,268660637162985239935545,Jl. Ijen Arah Utara,cafe,112236,4.135,49
2026-09-06T11:30:06+07:00,322877538584592778525433,Jl. Kawi Arah Barat,cafe,82908,1.884,49
2026-09-06T11:30:09+07:00,184398221253246434285173,Jl. Soekarno Hatta Arah Timur (Center Point),cafe,71816,3.176,49
2026-09-06T11:30:11+07:00,227920422769509645238654,Jl. Soekarno Hatta Arah Selatan,cafe,132916,2.836,29
2026-09-06T11:30:14+07:00,077636403437244032401245,Jl. Terusan Dieng Arah Barat,cafe,66552,0.395,49
2026-09-06T15:52:39+07:00,318197263503692449077822,Jl. Tlogomas Arah Barat,commute,90052,3.032,49
2026-09-06T15:52:42+07:00,704720868465795037095760,Jl. Tlogomas Arah Timur,commute,68244,2.886,49
2026-09-06T15:52:44+07:00,097779292771471341955457,Pertigaan Tunggulmas,dest1+2,99264,4.142,49
2026-09-06T15:52:46+07:00,522539750301519499247770,Jembatan TunggulMas,dest2,119192,0.681,49
2026-09-06T15:52:49+07:00,180731272173025410229793,Jl Raya Tlogomas 83 Arah Timur,commute,90428,2.278,49
2026-09-06T15:52:51+07:00,572534477246123479166921,Jl Raya Tlogomas 14a Arah Barat,commute,102084,3.449,49
2026-09-06T15:52:54+07:00,639466428930627267991858,Jl. Sumber Sari Arah Utara,dest3,76516,2.053,49
2026-09-06T15:52:56+07:00,967823448439028638648911,Jl. Sigura-Gura Arah Barat,dest3,77456,1.919,49
2026-09-06T15:52:59+07:00,767576969564466612969572,Jl Veteran Gerbang UB,dest3,58092,0.547,29
2026-09-06T15:53:01+07:00,636589114401733445781917,Jl. Veteran Arah Timur,dest3,54144,1.416,49
2026-09-06T15:53:03+07:00,673512185163543498056968,Jl. Panjaitan Arah Timur,commute,68244,1.108,49
2026-09-06T15:53:06+07:00,446907421280943044413749,Jl MT Haryono Arah Barat,commute,133104,8.277,29
2026-09-06T15:53:08+07:00,268660637162985239935545,Jl. Ijen Arah Utara,cafe,81028,2.321,49
2026-09-06T15:53:11+07:00,322877538584592778525433,Jl. Kawi Arah Barat,cafe,68996,0.299,49
2026-09-06T15:53:14+07:00,184398221253246434285173,Jl. Soekarno Hatta Arah Timur (Center Point),cafe,115620,4.719,49
2026-09-06T15:53:16+07:00,227920422769509645238654,Jl. Soekarno Hatta Arah Selatan,cafe,125208,1.813,29
2026-09-06T15:53:19+07:00,077636403437244032401245,Jl. Terusan Dieng Arah Barat,cafe,66552,0.546,49
2026-09-06T19:34:00+07:00,318197263503692449077822,Jl. Tlogomas Arah Barat,commute,69936,1.803,49
2026-09-06T19:34:04+07:00,704720868465795037095760,Jl. Tlogomas Arah Timur,commute,73884,2.447,49
2026-09-06T19:34:07+07:00,097779292771471341955457,Pertigaan Tunggulmas,dest1+2,124456,8.54,49
2026-09-06T19:34:10+07:00,522539750301519499247770,Jembatan TunggulMas,dest2,114116,0.579,49
2026-09-06T19:34:13+07:00,180731272173025410229793,Jl Raya Tlogomas 83 Arah Timur,commute,94376,4.284,49
2026-09-06T19:34:16+07:00,572534477246123479166921,Jl Raya Tlogomas 14a Arah Barat,commute,115244,3.965,49
2026-09-06T19:34:19+07:00,639466428930627267991858,Jl. Sumber Sari Arah Utara,dest3,68432,0.9,49
2026-09-06T19:34:22+07:00,967823448439028638648911,Jl. Sigura-Gura Arah Barat,dest3,72944,2.084,49
2026-09-06T19:34:25+07:00,767576969564466612969572,Jl Veteran Gerbang UB,dest3,74072,1.515,29
2026-09-06T19:34:27+07:00,636589114401733445781917,Jl. Veteran Arah Timur,dest3,77080,0.804,49
2026-09-06T19:34:30+07:00,673512185163543498056968,Jl. Panjaitan Arah Timur,commute,63920,0.948,49
2026-09-06T19:34:33+07:00,446907421280943044413749,Jl MT Haryono Arah Barat,commute,126524,6.058,29
2026-09-06T19:34:36+07:00,268660637162985239935545,Jl. Ijen Arah Utara,cafe,81592,3.092,49
2026-09-06T19:34:39+07:00,322877538584592778525433,Jl. Kawi Arah Barat,cafe,98888,3.189,49
2026-09-06T19:34:42+07:00,184398221253246434285173,Jl. Soekarno Hatta Arah Timur (Center Point),cafe,87044,5.624,49
2026-09-06T19:34:45+07:00,227920422769509645238654,Jl. Soekarno Hatta Arah Selatan,cafe,129720,3.335,29
2026-09-06T19:34:48+07:00,077636403437244032401245,Jl. Terusan Dieng Arah Barat,cafe,65988,0.974,49
2026-09-06T22:44:07+07:00,318197263503692449077822,Jl. Tlogomas Arah Barat,commute,78208,1.927,49
2026-09-06T22:44:10+07:00,704720868465795037095760,Jl. Tlogomas Arah Timur,commute,70688,2.52,49
2026-09-06T22:44:13+07:00,097779292771471341955457,Pertigaan Tunggulmas,dest1+2,119192,6.24,49
2026-09-06T22:44:16+07:00,522539750301519499247770,Jembatan TunggulMas,dest2,117500,1.076,49
2026-09-06T22:44:19+07:00,180731272173025410229793,Jl Raya Tlogomas 83 Arah Timur,commute,93624,2.58,49
2026-09-06T22:44:22+07:00,572534477246123479166921,Jl Raya Tlogomas 14a Arah Barat,commute,67116,1.009,49
2026-09-06T22:44:25+07:00,639466428930627267991858,Jl. Sumber Sari Arah Utara,dest3,59220,1.643,49
2026-09-06T22:44:28+07:00,967823448439028638648911,Jl. Sigura-Gura Arah Barat,dest3,75012,2.296,49
2026-09-06T22:44:31+07:00,767576969564466612969572,Jl Veteran Gerbang UB,dest3,54896,0.092,29
2026-09-06T22:44:34+07:00,636589114401733445781917,Jl. Veteran Arah Timur,dest3,74260,1.27,49
2026-09-06T22:44:37+07:00,673512185163543498056968,Jl. Panjaitan Arah Timur,commute,72004,0.176,49
2026-09-06T22:44:40+07:00,446907421280943044413749,Jl MT Haryono Arah Barat,commute,126900,3.532,29
2026-09-06T22:44:43+07:00,268660637162985239935545,Jl. Ijen Arah Utara,cafe,63544,1.683,49
2026-09-06T22:44:46+07:00,322877538584592778525433,Jl. Kawi Arah Barat,cafe,69372,0.055,49
2026-09-06T22:44:49+07:00,184398221253246434285173,Jl. Soekarno Hatta Arah Timur (Center Point),cafe,57904,2.971,49
2026-09-06T22:44:52+07:00,227920422769509645238654,Jl. Soekarno Hatta Arah Selatan,cafe,129156,2.891,29
2026-09-06T22:44:55+07:00,077636403437244032401245,Jl. Terusan Dieng Arah Barat,cafe,69372,0.077,49
2026-09-07T00:45:35+07:00,318197263503692449077822,Jl. Tlogomas Arah Barat,commute,71440,0.829,49
2026-09-07T00:45:38+07:00,704720868465795037095760,Jl. Tlogomas Arah Timur,commute,69560,0.163,49
2026-09-07T00:45:41+07:00,097779292771471341955457,Pertigaan Tunggulmas,dest1+2,115620,0.165,49
2026-09-07T00:45:44+07:00,522539750301519499247770,Jembatan TunggulMas,dest2,119380,0.082,49
2026-09-07T00:45:46+07:00,180731272173025410229793,Jl Raya Tlogomas 83 Arah Timur,commute,62416,0.145,49
2026-09-07T00:45:49+07:00,572534477246123479166921,Jl Raya Tlogomas 14a Arah Barat,commute,72756,1.999,49
2026-09-07T00:45:51+07:00,639466428930627267991858,Jl. Sumber Sari Arah Utara,dest3,64860,1.228,49
2026-09-07T00:45:54+07:00,967823448439028638648911,Jl. Sigura-Gura Arah Barat,dest3,62792,1.003,49
2026-09-07T00:45:56+07:00,767576969564466612969572,Jl Veteran Gerbang UB,dest3,50008,0.072,29
2026-09-07T00:45:59+07:00,636589114401733445781917,Jl. Veteran Arah Timur,dest3,77644,0.495,49
2026-09-07T00:46:01+07:00,673512185163543498056968,Jl. Panjaitan Arah Timur,commute,61476,0.622,49
2026-09-07T00:46:04+07:00,446907421280943044413749,Jl MT Haryono Arah Barat,commute,134232,0.736,29
2026-09-07T00:46:10+07:00,268660637162985239935545,Jl. Ijen Arah Utara,cafe,64672,0.522,49
2026-09-07T00:46:15+07:00,322877538584592778525433,Jl. Kawi Arah Barat,cafe,68996,0.06,49
2026-09-07T00:46:17+07:00,184398221253246434285173,Jl. Soekarno Hatta Arah Timur (Center Point),cafe,69372,1.208,49
2026-09-07T00:46:19+07:00,227920422769509645238654,Jl. Soekarno Hatta Arah Selatan,cafe,132728,0.813,29
2026-09-07T00:46:22+07:00,077636403437244032401245,Jl. Terusan Dieng Arah Barat,cafe,65236,0.107,49
2026-09-07T02:37:12+07:00,318197263503692449077822,Jl. Tlogomas Arah Barat,commute,53392,0.649,49
2026-09-07T02:37:15+07:00,704720868465795037095760,Jl. Tlogomas Arah Timur,commute,49256,0.821,49
2026-09-07T02:37:17+07:00,097779292771471341955457,Pertigaan Tunggulmas,dest1+2,114116,1.493,49
2026-09-07T02:37:20+07:00,522539750301519499247770,Jembatan TunggulMas,dest2,124644,0.402,49
2026-09-07T02:37:23+07:00,180731272173025410229793,Jl Raya Tlogomas 83 Arah Timur,commute,66552,0.167,49
2026-09-07T02:37:26+07:00,572534477246123479166921,Jl Raya Tlogomas 14a Arah Barat,commute,62980,0.066,49
2026-09-07T02:37:29+07:00,639466428930627267991858,Jl. Sumber Sari Arah Utara,dest3,64672,0.194,49
2026-09-07T02:37:31+07:00,967823448439028638648911,Jl. Sigura-Gura Arah Barat,dest3,66364,0.166,49
2026-09-07T02:37:34+07:00,767576969564466612969572,Jl Veteran Gerbang UB,dest3,41924,0.01,29
2026-09-07T02:37:37+07:00,636589114401733445781917,Jl. Veteran Arah Timur,dest3,75764,0.1,49
2026-09-07T02:37:40+07:00,673512185163543498056968,Jl. Panjaitan Arah Timur,commute,62792,1.669,49
2026-09-07T02:37:44+07:00,446907421280943044413749,Jl MT Haryono Arah Barat,commute,133480,0.446,29
2026-09-07T02:37:49+07:00,268660637162985239935545,Jl. Ijen Arah Utara,cafe,68244,0.032,49
2026-09-07T02:37:53+07:00,322877538584592778525433,Jl. Kawi Arah Barat,cafe,63732,0.058,49
2026-09-07T02:37:57+07:00,184398221253246434285173,Jl. Soekarno Hatta Arah Timur (Center Point),cafe,63168,1.349,49
2026-09-07T02:38:00+07:00,227920422769509645238654,Jl. Soekarno Hatta Arah Selatan,cafe,129344,1.2,29
2026-09-07T02:38:04+07:00,077636403437244032401245,Jl. Terusan Dieng Arah Barat,cafe,71252,0.038,49
2026-09-07T04:43:11+07:00,318197263503692449077822,Jl. Tlogomas Arah Barat,commute,70312,0.163,49
2026-09-07T04:43:14+07:00,704720868465795037095760,Jl. Tlogomas Arah Timur,commute,75012,3.01,49
2026-09-07T04:43:16+07:00,097779292771471341955457,Pertigaan Tunggulmas,dest1+2,121448,0.85,49
2026-09-07T04:43:19+07:00,522539750301519499247770,Jembatan TunggulMas,dest2,116184,1.469,49
2026-09-07T04:43:22+07:00,180731272173025410229793,Jl Raya Tlogomas 83 Arah Timur,commute,64672,0.517,49
2026-09-07T04:43:24+07:00,572534477246123479166921,Jl Raya Tlogomas 14a Arah Barat,commute,70876,0.15,49
2026-09-07T04:43:26+07:00,639466428930627267991858,Jl. Sumber Sari Arah Utara,dest3,64484,0.368,49
2026-09-07T04:43:29+07:00,967823448439028638648911,Jl. Sigura-Gura Arah Barat,dest3,76140,0.807,49
2026-09-07T04:43:31+07:00,767576969564466612969572,Jl Veteran Gerbang UB,dest3,61476,1.39,29
2026-09-07T04:43:34+07:00,636589114401733445781917,Jl. Veteran Arah Timur,dest3,59032,0.913,49
2026-09-07T04:43:36+07:00,673512185163543498056968,Jl. Panjaitan Arah Timur,commute,72568,0.025,49
2026-09-07T04:43:38+07:00,446907421280943044413749,Jl MT Haryono Arah Barat,commute,142692,0.778,29
2026-09-07T04:43:41+07:00,268660637162985239935545,Jl. Ijen Arah Utara,cafe,62416,0.027,49
2026-09-07T04:43:43+07:00,322877538584592778525433,Jl. Kawi Arah Barat,cafe,53016,0.627,49
2026-09-07T04:43:46+07:00,184398221253246434285173,Jl. Soekarno Hatta Arah Timur (Center Point),cafe,67304,2.255,49
2026-09-07T04:43:48+07:00,227920422769509645238654,Jl. Soekarno Hatta Arah Selatan,cafe,135172,0.928,29
2026-09-07T04:43:51+07:00,077636403437244032401245,Jl. Terusan Dieng Arah Barat,cafe,68620,0.054,49
2026-09-07T06:14:10+07:00,318197263503692449077822,Jl. Tlogomas Arah Barat,commute,69936,2.9,49
2026-09-07T06:14:13+07:00,704720868465795037095760,Jl. Tlogomas Arah Timur,commute,69748,3.494,49
2026-09-07T06:14:16+07:00,097779292771471341955457,Pertigaan Tunggulmas,dest1+2,111860,7.23,49
2026-09-07T06:14:19+07:00,522539750301519499247770,Jembatan TunggulMas,dest2,123704,1.187,49
2026-09-07T06:14:22+07:00,180731272173025410229793,Jl Raya Tlogomas 83 Arah Timur,commute,70124,4.126,49
2026-09-07T06:14:25+07:00,572534477246123479166921,Jl Raya Tlogomas 14a Arah Barat,commute,89112,5.466,49
2026-09-07T06:14:28+07:00,639466428930627267991858,Jl. Sumber Sari Arah Utara,dest3,67680,0.25,49
2026-09-07T06:14:30+07:00,967823448439028638648911,Jl. Sigura-Gura Arah Barat,dest3,64484,0.143,49
2026-09-07T06:14:33+07:00,767576969564466612969572,Jl Veteran Gerbang UB,dest3,61664,0.138,29
2026-09-07T06:14:36+07:00,636589114401733445781917,Jl. Veteran Arah Timur,dest3,69748,1.988,49
2026-09-07T06:14:39+07:00,673512185163543498056968,Jl. Panjaitan Arah Timur,commute,72192,1.438,49
2026-09-07T06:14:41+07:00,446907421280943044413749,Jl MT Haryono Arah Barat,commute,127464,2.208,29
2026-09-07T06:14:44+07:00,268660637162985239935545,Jl. Ijen Arah Utara,cafe,70124,2.218,49
2026-09-07T06:14:47+07:00,322877538584592778525433,Jl. Kawi Arah Barat,cafe,69748,0.114,49
2026-09-07T06:14:50+07:00,184398221253246434285173,Jl. Soekarno Hatta Arah Timur (Center Point),cafe,110356,5.019,49
2026-09-07T06:14:53+07:00,227920422769509645238654,Jl. Soekarno Hatta Arah Selatan,cafe,139120,3.524,29
2026-09-07T06:14:56+07:00,077636403437244032401245,Jl. Terusan Dieng Arah Barat,cafe,67868,0.086,49
2026-09-07T08:05:35+07:00,318197263503692449077822,Jl. Tlogomas Arah Barat,commute,87984,4.497,49
2026-09-07T08:05:38+07:00,704720868465795037095760,Jl. Tlogomas Arah Timur,commute,81592,4.09,49
2026-09-07T08:05:40+07:00,097779292771471341955457,Pertigaan Tunggulmas,dest1+2,116748,1.348,49
2026-09-07T08:05:43+07:00,522539750301519499247770,Jembatan TunggulMas,dest2,123328,1.041,49
2026-09-07T08:05:46+07:00,180731272173025410229793,Jl Raya Tlogomas 83 Arah Timur,commute,59032,2.367,49
2026-09-07T08:05:49+07:00,572534477246123479166921,Jl Raya Tlogomas 14a Arah Barat,commute,59596,1.645,49
2026-09-07T08:05:52+07:00,639466428930627267991858,Jl. Sumber Sari Arah Utara,dest3,101144,3.058,49
2026-09-07T08:05:55+07:00,967823448439028638648911,Jl. Sigura-Gura Arah Barat,dest3,80840,2.512,49
2026-09-07T08:05:57+07:00,767576969564466612969572,Jl Veteran Gerbang UB,dest3,61852,0.924,29
2026-09-07T08:06:00+07:00,636589114401733445781917,Jl. Veteran Arah Timur,dest3,75012,2.443,49
2026-09-07T08:06:03+07:00,673512185163543498056968,Jl. Panjaitan Arah Timur,commute,65236,1.157,49
2026-09-07T08:06:05+07:00,446907421280943044413749,Jl MT Haryono Arah Barat,commute,134608,2.056,29
2026-09-07T08:06:08+07:00,268660637162985239935545,Jl. Ijen Arah Utara,cafe,61288,1.544,49
2026-09-07T08:06:11+07:00,322877538584592778525433,Jl. Kawi Arah Barat,cafe,69936,1.433,49
2026-09-07T08:06:14+07:00,184398221253246434285173,Jl. Soekarno Hatta Arah Timur (Center Point),cafe,81968,3.401,49
2026-09-07T08:06:16+07:00,227920422769509645238654,Jl. Soekarno Hatta Arah Selatan,cafe,137804,3.378,29
2026-09-07T08:06:19+07:00,077636403437244032401245,Jl. Terusan Dieng Arah Barat,cafe,66552,0.391,49
2026-09-07T13:04:12+07:00,318197263503692449077822,Jl. Tlogomas Arah Barat,commute,69748,1.738,49
2026-09-07T13:04:16+07:00,704720868465795037095760,Jl. Tlogomas Arah Timur,commute,91932,2.965,49
2026-09-07T13:04:18+07:00,097779292771471341955457,Pertigaan Tunggulmas,dest1+2,107536,7.647,49
2026-09-07T13:04:21+07:00,522539750301519499247770,Jembatan TunggulMas,dest2,125960,1.104,49
2026-09-07T13:04:24+07:00,180731272173025410229793,Jl Raya Tlogomas 83 Arah Timur,commute,65424,1.102,49
2026-09-07T13:04:27+07:00,572534477246123479166921,Jl Raya Tlogomas 14a Arah Barat,commute,67304,1.191,49
2026-09-07T13:04:29+07:00,639466428930627267991858,Jl. Sumber Sari Arah Utara,dest3,100392,3.352,49
2026-09-07T13:04:32+07:00,967823448439028638648911,Jl. Sigura-Gura Arah Barat,dest3,81028,1.99,49
2026-09-07T13:04:35+07:00,767576969564466612969572,Jl Veteran Gerbang UB,dest3,62416,0.585,29
2026-09-07T13:04:37+07:00,636589114401733445781917,Jl. Veteran Arah Timur,dest3,67492,1.961,49
2026-09-07T13:04:40+07:00,673512185163543498056968,Jl. Panjaitan Arah Timur,commute,64860,1.517,49
2026-09-07T13:04:42+07:00,446907421280943044413749,Jl MT Haryono Arah Barat,commute,137240,7.59,29
2026-09-07T13:04:45+07:00,268660637162985239935545,Jl. Ijen Arah Utara,cafe,88736,2.869,49
2026-09-07T13:04:47+07:00,322877538584592778525433,Jl. Kawi Arah Barat,cafe,61100,0.209,49
2026-09-07T13:04:50+07:00,184398221253246434285173,Jl. Soekarno Hatta Arah Timur (Center Point),cafe,69560,2.95,49
2026-09-07T13:04:53+07:00,227920422769509645238654,Jl. Soekarno Hatta Arah Selatan,cafe,128216,2.097,29
2026-09-07T13:04:55+07:00,077636403437244032401245,Jl. Terusan Dieng Arah Barat,cafe,69184,0.444,49
2026-09-07T19:22:19+07:00,318197263503692449077822,Jl. Tlogomas Arah Barat,commute,69184,1.667,49
2026-09-07T19:22:22+07:00,704720868465795037095760,Jl. Tlogomas Arah Timur,commute,78960,2.237,49
2026-09-07T19:22:24+07:00,097779292771471341955457,Pertigaan Tunggulmas,dest1+2,114680,3.026,49
2026-09-07T19:22:27+07:00,522539750301519499247770,Jembatan TunggulMas,dest2,122012,2.044,49
2026-09-07T19:22:30+07:00,180731272173025410229793,Jl Raya Tlogomas 83 Arah Timur,commute,75764,2.513,49
2026-09-07T19:22:32+07:00,572534477246123479166921,Jl Raya Tlogomas 14a Arah Barat,commute,54144,1.006,49
2026-09-07T19:22:35+07:00,639466428930627267991858,Jl. Sumber Sari Arah Utara,dest3,88172,2.671,49
2026-09-07T19:22:37+07:00,967823448439028638648911,Jl. Sigura-Gura Arah Barat,dest3,66176,1.3,49
2026-09-07T19:22:40+07:00,767576969564466612969572,Jl Veteran Gerbang UB,dest3,57340,1.656,29
2026-09-07T19:22:42+07:00,636589114401733445781917,Jl. Veteran Arah Timur,dest3,83472,3.006,49
2026-09-07T19:22:44+07:00,673512185163543498056968,Jl. Panjaitan Arah Timur,commute,57340,0.723,49
2026-09-07T19:22:47+07:00,446907421280943044413749,Jl MT Haryono Arah Barat,commute,127088,9.754,29
2026-09-07T19:22:49+07:00,268660637162985239935545,Jl. Ijen Arah Utara,cafe,77268,3.298,49
2026-09-07T19:22:52+07:00,322877538584592778525433,Jl. Kawi Arah Barat,cafe,62792,0.198,49
2026-09-07T19:22:54+07:00,184398221253246434285173,Jl. Soekarno Hatta Arah Timur (Center Point),cafe,67304,3.94,49
2026-09-07T19:22:57+07:00,227920422769509645238654,Jl. Soekarno Hatta Arah Selatan,cafe,137052,1.946,29
2026-09-07T19:22:59+07:00,077636403437244032401245,Jl. Terusan Dieng Arah Barat,cafe,69184,0.969,49
2026-09-08T00:49:00+07:00,318197263503692449077822,Jl. Tlogomas Arah Barat,commute,74260,2.84,49
2026-09-08T00:49:03+07:00,704720868465795037095760,Jl. Tlogomas Arah Timur,commute,114116,5.08,49
2026-09-08T00:49:06+07:00,097779292771471341955457,Pertigaan Tunggulmas,dest1+2,117688,0.168,49
2026-09-08T00:49:10+07:00,522539750301519499247770,Jembatan TunggulMas,dest2,119192,0.159,49
2026-09-08T00:49:13+07:00,180731272173025410229793,Jl Raya Tlogomas 83 Arah Timur,commute,65048,0.286,49
2026-09-08T00:49:16+07:00,572534477246123479166921,Jl Raya Tlogomas 14a Arah Barat,commute,49444,0.179,49
2026-09-08T00:49:19+07:00,639466428930627267991858,Jl. Sumber Sari Arah Utara,dest3,78208,2.158,49
2026-09-08T00:49:22+07:00,967823448439028638648911,Jl. Sigura-Gura Arah Barat,dest3,75952,1.378,49
2026-09-08T00:49:25+07:00,767576969564466612969572,Jl Veteran Gerbang UB,dest3,56212,0.194,29
2026-09-08T00:49:28+07:00,636589114401733445781917,Jl. Veteran Arah Timur,dest3,70876,0.188,49
2026-09-08T00:49:31+07:00,673512185163543498056968,Jl. Panjaitan Arah Timur,commute,60348,0.349,49
2026-09-08T00:49:34+07:00,446907421280943044413749,Jl MT Haryono Arah Barat,commute,131412,3.97,29
2026-09-08T00:49:38+07:00,268660637162985239935545,Jl. Ijen Arah Utara,cafe,50572,0.679,49
2026-09-08T00:49:40+07:00,322877538584592778525433,Jl. Kawi Arah Barat,cafe,68996,0.054,49
2026-09-08T00:49:44+07:00,184398221253246434285173,Jl. Soekarno Hatta Arah Timur (Center Point),cafe,64860,0.068,49
2026-09-08T00:49:46+07:00,227920422769509645238654,Jl. Soekarno Hatta Arah Selatan,cafe,127088,1.656,29
2026-09-08T00:49:50+07:00,077636403437244032401245,Jl. Terusan Dieng Arah Barat,cafe,68996,0.042,49
2026-09-08T04:02:27+07:00,318197263503692449077822,Jl. Tlogomas Arah Barat,commute,51700,0.964,49
2026-09-08T04:02:30+07:00,704720868465795037095760,Jl. Tlogomas Arah Timur,commute,51512,0.236,49
2026-09-08T04:02:32+07:00,097779292771471341955457,Pertigaan Tunggulmas,dest1+2,119944,0.05,49
2026-09-08T04:02:35+07:00,522539750301519499247770,Jembatan TunggulMas,dest2,117688,0.63,49
2026-09-08T04:02:38+07:00,180731272173025410229793,Jl Raya Tlogomas 83 Arah Timur,commute,66364,0.27,49
2026-09-08T04:02:41+07:00,572534477246123479166921,Jl Raya Tlogomas 14a Arah Barat,commute,60724,0.999,49
2026-09-08T04:02:43+07:00,639466428930627267991858,Jl. Sumber Sari Arah Utara,dest3,69372,0.832,49
2026-09-08T04:02:46+07:00,967823448439028638648911,Jl. Sigura-Gura Arah Barat,dest3,65424,0.156,49
2026-09-08T04:02:48+07:00,767576969564466612969572,Jl Veteran Gerbang UB,dest3,51136,0.625,29
2026-09-08T04:02:50+07:00,636589114401733445781917,Jl. Veteran Arah Timur,dest3,84412,0.23,49
2026-09-08T04:02:53+07:00,673512185163543498056968,Jl. Panjaitan Arah Timur,commute,67492,0.023,49
2026-09-08T04:02:55+07:00,446907421280943044413749,Jl MT Haryono Arah Barat,commute,142880,1.88,29
2026-09-08T04:02:58+07:00,268660637162985239935545,Jl. Ijen Arah Utara,cafe,67680,0.285,49
2026-09-08T04:03:00+07:00,322877538584592778525433,Jl. Kawi Arah Barat,cafe,78020,1.867,49
2026-09-08T04:03:03+07:00,184398221253246434285173,Jl. Soekarno Hatta Arah Timur (Center Point),cafe,64108,1.19,49
2026-09-08T04:03:05+07:00,227920422769509645238654,Jl. Soekarno Hatta Arah Selatan,cafe,119380,0.421,29
2026-09-08T04:03:08+07:00,077636403437244032401245,Jl. Terusan Dieng Arah Barat,cafe,70124,0.087,49
2026-09-08T06:27:55+07:00,318197263503692449077822,Jl. Tlogomas Arah Barat,commute,75764,2.79,49
2026-09-08T06:27:58+07:00,704720868465795037095760,Jl. Tlogomas Arah Timur,commute,88736,3.977,49
2026-09-08T06:28:01+07:00,097779292771471341955457,Pertigaan Tunggulmas,dest1+2,119380,6.513,49
2026-09-08T06:28:03+07:00,522539750301519499247770,Jembatan TunggulMas,dest2,121824,4.003,49
2026-09-08T06:28:06+07:00,180731272173025410229793,Jl Raya Tlogomas 83 Arah Timur,commute,75764,2.201,49
2026-09-08T06:28:09+07:00,572534477246123479166921,Jl Raya Tlogomas 14a Arah Barat,commute,61288,0.934,49
2026-09-08T06:28:12+07:00,639466428930627267991858,Jl. Sumber Sari Arah Utara,dest3,119004,4.035,49
2026-09-08T06:28:15+07:00,967823448439028638648911,Jl. Sigura-Gura Arah Barat,dest3,117876,4.53,49
2026-09-08T06:28:18+07:00,767576969564466612969572,Jl Veteran Gerbang UB,dest3,58844,0.381,29
2026-09-08T06:28:20+07:00,636589114401733445781917,Jl. Veteran Arah Timur,dest3,130096,6.171,49
2026-09-08T06:28:23+07:00,673512185163543498056968,Jl. Panjaitan Arah Timur,commute,62792,0.51,49
2026-09-08T06:28:26+07:00,446907421280943044413749,Jl MT Haryono Arah Barat,commute,140624,7.915,29
2026-09-08T06:28:29+07:00,268660637162985239935545,Jl. Ijen Arah Utara,cafe,102648,3.199,49
2026-09-08T06:28:31+07:00,322877538584592778525433,Jl. Kawi Arah Barat,cafe,64108,1.072,49
2026-09-08T06:28:34+07:00,184398221253246434285173,Jl. Soekarno Hatta Arah Timur (Center Point),cafe,106596,3.569,49
2026-09-08T06:28:37+07:00,227920422769509645238654,Jl. Soekarno Hatta Arah Selatan,cafe,139120,4.528,29
2026-09-08T06:28:39+07:00,077636403437244032401245,Jl. Terusan Dieng Arah Barat,cafe,67116,0.552,49
2026-09-08T08:22:13+07:00,318197263503692449077822,Jl. Tlogomas Arah Barat,commute,90428,2.976,49
2026-09-08T08:22:16+07:00,704720868465795037095760,Jl. Tlogomas Arah Timur,commute,87608,3.457,49
2026-09-08T08:22:19+07:00,097779292771471341955457,Pertigaan Tunggulmas,dest1+2,133292,6.903,49
2026-09-08T08:22:21+07:00,522539750301519499247770,Jembatan TunggulMas,dest2,122012,0.816,49
2026-09-08T08:22:24+07:00,180731272173025410229793,Jl Raya Tlogomas 83 Arah Timur,commute,65424,1.527,49
2026-09-08T08:22:26+07:00,572534477246123479166921,Jl Raya Tlogomas 14a Arah Barat,commute,89112,5.132,49
2026-09-08T08:22:29+07:00,639466428930627267991858,Jl. Sumber Sari Arah Utara,dest3,87608,3.361,49
2026-09-08T08:22:31+07:00,967823448439028638648911,Jl. Sigura-Gura Arah Barat,dest3,90240,3.117,49
2026-09-08T08:22:34+07:00,767576969564466612969572,Jl Veteran Gerbang UB,dest3,62040,0.416,29
2026-09-08T08:22:36+07:00,636589114401733445781917,Jl. Veteran Arah Timur,dest3,60912,0.93,49
2026-09-08T08:22:38+07:00,673512185163543498056968,Jl. Panjaitan Arah Timur,commute,84976,3.332,49
2026-09-08T08:22:41+07:00,446907421280943044413749,Jl MT Haryono Arah Barat,commute,131412,7.312,29
2026-09-08T08:22:43+07:00,268660637162985239935545,Jl. Ijen Arah Utara,cafe,65048,1.916,49
2026-09-08T08:22:45+07:00,322877538584592778525433,Jl. Kawi Arah Barat,cafe,58468,1.407,49
2026-09-08T08:22:48+07:00,184398221253246434285173,Jl. Soekarno Hatta Arah Timur (Center Point),cafe,100768,3.084,49
2026-09-08T08:22:50+07:00,227920422769509645238654,Jl. Soekarno Hatta Arah Selatan,cafe,133292,3.43,29
2026-09-08T08:22:52+07:00,077636403437244032401245,Jl. Terusan Dieng Arah Barat,cafe,68244,0.197,49
2026-09-08T13:12:14+07:00,318197263503692449077822,Jl. Tlogomas Arah Barat,commute,109792,4.373,49
2026-09-08T13:12:18+07:00,704720868465795037095760,Jl. Tlogomas Arah Timur,commute,95504,4.447,49
2026-09-08T13:12:20+07:00,097779292771471341955457,Pertigaan Tunggulmas,dest1+2,158296,10.183,49
2026-09-08T13:12:24+07:00,522539750301519499247770,Jembatan TunggulMas,dest2,117312,1.477,49
2026-09-08T13:12:26+07:00,180731272173025410229793,Jl Raya Tlogomas 83 Arah Timur,commute,115808,6.249,49
2026-09-08T13:12:30+07:00,572534477246123479166921,Jl Raya Tlogomas 14a Arah Barat,commute,60348,2.515,49
2026-09-08T13:12:32+07:00,639466428930627267991858,Jl. Sumber Sari Arah Utara,dest3,88172,2.522,49
2026-09-08T13:12:35+07:00,967823448439028638648911,Jl. Sigura-Gura Arah Barat,dest3,78020,1.956,49
2026-09-08T13:12:38+07:00,767576969564466612969572,Jl Veteran Gerbang UB,dest3,61100,0.665,29
2026-09-08T13:12:41+07:00,636589114401733445781917,Jl. Veteran Arah Timur,dest3,63544,1.782,49
2026-09-08T13:12:43+07:00,673512185163543498056968,Jl. Panjaitan Arah Timur,commute,63544,1.063,49
2026-09-08T13:12:46+07:00,446907421280943044413749,Jl MT Haryono Arah Barat,commute,135736,3.119,29
2026-09-08T13:12:49+07:00,268660637162985239935545,Jl. Ijen Arah Utara,cafe,79524,2.037,49
2026-09-08T13:12:52+07:00,322877538584592778525433,Jl. Kawi Arah Barat,cafe,55460,0.86,49
2026-09-08T13:12:55+07:00,184398221253246434285173,Jl. Soekarno Hatta Arah Timur (Center Point),cafe,65988,2.558,49
2026-09-08T13:12:57+07:00,227920422769509645238654,Jl. Soekarno Hatta Arah Selatan,cafe,135736,1.724,29
2026-09-08T13:13:00+07:00,077636403437244032401245,Jl. Terusan Dieng Arah Barat,cafe,63920,0.822,49
2026-09-08T18:25:09+07:00,318197263503692449077822,Jl. Tlogomas Arah Barat,commute,82156,3.88,49
2026-09-08T18:25:12+07:00,704720868465795037095760,Jl. Tlogomas Arah Timur,commute,80088,3.333,49
2026-09-08T18:25:15+07:00,097779292771471341955457,Pertigaan Tunggulmas,dest1+2,123328,3.173,49
2026-09-08T18:25:18+07:00,522539750301519499247770,Jembatan TunggulMas,dest2,126148,3.702,49
2026-09-08T18:25:21+07:00,180731272173025410229793,Jl Raya Tlogomas 83 Arah Timur,commute,96444,3.202,49
2026-09-08T18:25:24+07:00,572534477246123479166921,Jl Raya Tlogomas 14a Arah Barat,commute,88736,4.413,49
2026-09-08T18:25:27+07:00,639466428930627267991858,Jl. Sumber Sari Arah Utara,dest3,69748,1.996,49
2026-09-08T18:25:29+07:00,967823448439028638648911,Jl. Sigura-Gura Arah Barat,dest3,82532,2.182,49
2026-09-08T18:25:32+07:00,767576969564466612969572,Jl Veteran Gerbang UB,dest3,58468,2.38,29
2026-09-08T18:25:35+07:00,636589114401733445781917,Jl. Veteran Arah Timur,dest3,60160,0.997,49
2026-09-08T18:25:38+07:00,673512185163543498056968,Jl. Panjaitan Arah Timur,commute,63920,1.835,49
2026-09-08T18:25:41+07:00,446907421280943044413749,Jl MT Haryono Arah Barat,commute,127652,5.683,29
2026-09-08T18:25:44+07:00,268660637162985239935545,Jl. Ijen Arah Utara,cafe,75952,2.589,49
2026-09-08T18:25:46+07:00,322877538584592778525433,Jl. Kawi Arah Barat,cafe,63732,0.612,49
2026-09-08T18:25:49+07:00,184398221253246434285173,Jl. Soekarno Hatta Arah Timur (Center Point),cafe,59408,3.125,49
2026-09-08T18:25:52+07:00,227920422769509645238654,Jl. Soekarno Hatta Arah Selatan,cafe,137052,2.734,29
2026-09-08T18:25:55+07:00,077636403437244032401245,Jl. Terusan Dieng Arah Barat,cafe,66364,0.274,49
2026-09-08T22:14:45+07:00,318197263503692449077822,Jl. Tlogomas Arah Barat,commute,65612,0.56,49
2026-09-08T22:14:48+07:00,704720868465795037095760,Jl. Tlogomas Arah Timur,commute,77080,1.567,49
2026-09-08T22:14:51+07:00,097779292771471341955457,Pertigaan Tunggulmas,dest1+2,112612,1.712,49
2026-09-08T22:14:54+07:00,522539750301519499247770,Jembatan TunggulMas,dest2,121448,0.873,49
2026-09-08T22:14:57+07:00,180731272173025410229793,Jl Raya Tlogomas 83 Arah Timur,commute,100204,3.44,49
2026-09-08T22:15:00+07:00,572534477246123479166921,Jl Raya Tlogomas 14a Arah Barat,commute,94188,3.906,49
2026-09-08T22:15:03+07:00,639466428930627267991858,Jl. Sumber Sari Arah Utara,dest3,82908,2.108,49
2026-09-08T22:15:06+07:00,967823448439028638648911,Jl. Sigura-Gura Arah Barat,dest3,102460,4.309,49
2026-09-08T22:15:09+07:00,767576969564466612969572,Jl Veteran Gerbang UB,dest3,59784,0.672,29
2026-09-08T22:15:12+07:00,636589114401733445781917,Jl. Veteran Arah Timur,dest3,60724,1.315,49
2026-09-08T22:15:15+07:00,673512185163543498056968,Jl. Panjaitan Arah Timur,commute,62416,0.773,49
2026-09-08T22:15:18+07:00,446907421280943044413749,Jl MT Haryono Arah Barat,commute,134796,4.195,29
2026-09-08T22:15:21+07:00,268660637162985239935545,Jl. Ijen Arah Utara,cafe,74824,1.707,49
2026-09-08T22:15:24+07:00,322877538584592778525433,Jl. Kawi Arah Barat,cafe,64108,1.767,49
2026-09-08T22:15:27+07:00,184398221253246434285173,Jl. Soekarno Hatta Arah Timur (Center Point),cafe,44932,2.112,49
2026-09-08T22:15:30+07:00,227920422769509645238654,Jl. Soekarno Hatta Arah Selatan,cafe,127652,2.903,29
2026-09-08T22:15:33+07:00,077636403437244032401245,Jl. Terusan Dieng Arah Barat,cafe,68996,0.875,49
2026-09-09T01:47:31+07:00,318197263503692449077822,Jl. Tlogomas Arah Barat,commute,68432,1.378,49
2026-09-09T01:47:35+07:00,704720868465795037095760,Jl. Tlogomas Arah Timur,commute,53392,1.086,49
2026-09-09T01:47:37+07:00,097779292771471341955457,Pertigaan Tunggulmas,dest1+2,119944,1.459,49
2026-09-09T01:47:40+07:00,522539750301519499247770,Jembatan TunggulMas,dest2,117876,0.051,49
2026-09-09T01:47:42+07:00,180731272173025410229793,Jl Raya Tlogomas 83 Arah Timur,commute,78396,1.395,49
2026-09-09T01:47:45+07:00,572534477246123479166921,Jl Raya Tlogomas 14a Arah Barat,commute,78960,0.76,49
2026-09-09T01:47:48+07:00,639466428930627267991858,Jl. Sumber Sari Arah Utara,dest3,65612,0.632,49
2026-09-09T01:47:50+07:00,967823448439028638648911,Jl. Sigura-Gura Arah Barat,dest3,72192,0.872,49
2026-09-09T01:47:53+07:00,767576969564466612969572,Jl Veteran Gerbang UB,dest3,56024,0.156,29
2026-09-09T01:47:55+07:00,636589114401733445781917,Jl. Veteran Arah Timur,dest3,71628,0.539,49
2026-09-09T01:47:58+07:00,673512185163543498056968,Jl. Panjaitan Arah Timur,commute,69184,0.419,49
2026-09-09T01:48:01+07:00,446907421280943044413749,Jl MT Haryono Arah Barat,commute,130284,0.259,29
2026-09-09T01:48:03+07:00,268660637162985239935545,Jl. Ijen Arah Utara,cafe,63168,0.03,49
2026-09-09T01:48:06+07:00,322877538584592778525433,Jl. Kawi Arah Barat,cafe,65612,0.19,49
2026-09-09T01:48:09+07:00,184398221253246434285173,Jl. Soekarno Hatta Arah Timur (Center Point),cafe,63356,0.832,49
2026-09-09T01:48:11+07:00,227920422769509645238654,Jl. Soekarno Hatta Arah Selatan,cafe,142504,1.814,29
2026-09-09T01:48:14+07:00,077636403437244032401245,Jl. Terusan Dieng Arah Barat,cafe,69748,0.042,49
2026-09-09T04:29:48+07:00,318197263503692449077822,Jl. Tlogomas Arah Barat,commute,69184,0.102,49
2026-09-09T04:29:52+07:00,704720868465795037095760,Jl. Tlogomas Arah Timur,commute,62980,0.153,49
2026-09-09T04:29:55+07:00,097779292771471341955457,Pertigaan Tunggulmas,dest1+2,120696,0.127,49
2026-09-09T04:29:57+07:00,522539750301519499247770,Jembatan TunggulMas,dest2,115056,0.576,49
2026-09-09T04:29:59+07:00,180731272173025410229793,Jl Raya Tlogomas 83 Arah Timur,commute,67680,0.114,49
2026-09-09T04:30:02+07:00,572534477246123479166921,Jl Raya Tlogomas 14a Arah Barat,commute,67492,0.283,49
2026-09-09T04:30:04+07:00,639466428930627267991858,Jl. Sumber Sari Arah Utara,dest3,64860,0.431,49
2026-09-09T04:30:06+07:00,967823448439028638648911,Jl. Sigura-Gura Arah Barat,dest3,68432,0.442,49
2026-09-09T04:30:09+07:00,767576969564466612969572,Jl Veteran Gerbang UB,dest3,50196,0.114,29
2026-09-09T04:30:11+07:00,636589114401733445781917,Jl. Veteran Arah Timur,dest3,69184,0.042,49
2026-09-09T04:30:13+07:00,673512185163543498056968,Jl. Panjaitan Arah Timur,commute,71252,0.02,49
2026-09-09T04:30:15+07:00,446907421280943044413749,Jl MT Haryono Arah Barat,commute,137052,0.649,29
2026-09-09T04:30:18+07:00,268660637162985239935545,Jl. Ijen Arah Utara,cafe,70500,0.453,49
2026-09-09T04:30:20+07:00,322877538584592778525433,Jl. Kawi Arah Barat,cafe,68432,0.047,49
2026-09-09T04:30:22+07:00,184398221253246434285173,Jl. Soekarno Hatta Arah Timur (Center Point),cafe,63732,0.295,49
2026-09-09T04:30:24+07:00,227920422769509645238654,Jl. Soekarno Hatta Arah Selatan,cafe,125396,0.643,29
2026-09-09T04:30:27+07:00,077636403437244032401245,Jl. Terusan Dieng Arah Barat,cafe,68808,0.039,49
2026-09-09T06:39:30+07:00,318197263503692449077822,Jl. Tlogomas Arah Barat,commute,80464,3.809,49
2026-09-09T06:39:33+07:00,704720868465795037095760,Jl. Tlogomas Arah Timur,commute,128592,6.762,49
2026-09-09T06:39:35+07:00,097779292771471341955457,Pertigaan Tunggulmas,dest1+2,156604,11.722,49
2026-09-09T06:39:38+07:00,522539750301519499247770,Jembatan TunggulMas,dest2,122952,1.786,49
2026-09-09T06:39:40+07:00,180731272173025410229793,Jl Raya Tlogomas 83 Arah Timur,commute,75388,2.655,49
2026-09-09T06:39:43+07:00,572534477246123479166921,Jl Raya Tlogomas 14a Arah Barat,commute,65236,2.189,49
2026-09-09T06:39:45+07:00,639466428930627267991858,Jl. Sumber Sari Arah Utara,dest3,129908,5.619,49
2026-09-09T06:39:47+07:00,967823448439028638648911,Jl. Sigura-Gura Arah Barat,dest3,105092,3.697,49
2026-09-09T06:39:50+07:00,767576969564466612969572,Jl Veteran Gerbang UB,dest3,62040,0.566,29
2026-09-09T06:39:52+07:00,636589114401733445781917,Jl. Veteran Arah Timur,dest3,109040,5.23,49
2026-09-09T06:39:55+07:00,673512185163543498056968,Jl. Panjaitan Arah Timur,commute,94564,3.094,49
2026-09-09T06:39:57+07:00,446907421280943044413749,Jl MT Haryono Arah Barat,commute,135172,5.623,29
2026-09-09T06:40:00+07:00,268660637162985239935545,Jl. Ijen Arah Utara,cafe,92872,3.026,49
2026-09-09T06:40:02+07:00,322877538584592778525433,Jl. Kawi Arah Barat,cafe,67304,0.703,49
2026-09-09T06:40:04+07:00,184398221253246434285173,Jl. Soekarno Hatta Arah Timur (Center Point),cafe,96632,3.773,49
2026-09-09T06:40:06+07:00,227920422769509645238654,Jl. Soekarno Hatta Arah Selatan,cafe,134232,1.72,29
2026-09-09T06:40:09+07:00,077636403437244032401245,Jl. Terusan Dieng Arah Barat,cafe,64860,0.705,49
2026-09-09T08:36:34+07:00,318197263503692449077822,Jl. Tlogomas Arah Barat,commute,72568,2.927,49
2026-09-09T08:36:37+07:00,704720868465795037095760,Jl. Tlogomas Arah Timur,commute,52640,1.308,49
2026-09-09T08:36:40+07:00,097779292771471341955457,Pertigaan Tunggulmas,dest1+2,128028,7.363,49
2026-09-09T08:36:43+07:00,522539750301519499247770,Jembatan TunggulMas,dest2,121448,1.445,49
2026-09-09T08:36:46+07:00,180731272173025410229793,Jl Raya Tlogomas 83 Arah Timur,commute,57716,2.573,49
2026-09-09T08:36:49+07:00,572534477246123479166921,Jl Raya Tlogomas 14a Arah Barat,commute,77832,3.388,49
2026-09-09T08:36:52+07:00,639466428930627267991858,Jl. Sumber Sari Arah Utara,dest3,76516,2.213,49
2026-09-09T08:36:55+07:00,967823448439028638648911,Jl. Sigura-Gura Arah Barat,dest3,48316,0.622,49
2026-09-09T08:36:58+07:00,767576969564466612969572,Jl Veteran Gerbang UB,dest3,57716,0.18,29
2026-09-09T08:37:01+07:00,636589114401733445781917,Jl. Veteran Arah Timur,dest3,76892,1.545,49
2026-09-09T08:37:03+07:00,673512185163543498056968,Jl. Panjaitan Arah Timur,commute,63732,1.184,49
2026-09-09T08:37:06+07:00,446907421280943044413749,Jl MT Haryono Arah Barat,commute,122200,4.027,29
2026-09-09T08:37:09+07:00,268660637162985239935545,Jl. Ijen Arah Utara,cafe,79712,2.496,49
2026-09-09T08:37:12+07:00,322877538584592778525433,Jl. Kawi Arah Barat,cafe,74260,2.444,49
2026-09-09T08:37:15+07:00,184398221253246434285173,Jl. Soekarno Hatta Arah Timur (Center Point),cafe,111672,5.288,49
2026-09-09T08:37:18+07:00,227920422769509645238654,Jl. Soekarno Hatta Arah Selatan,cafe,132916,1.588,29
2026-09-09T08:37:21+07:00,077636403437244032401245,Jl. Terusan Dieng Arah Barat,cafe,67116,0.344,49
2026-09-09T13:41:36+07:00,318197263503692449077822,Jl. Tlogomas Arah Barat,commute,92120,4.251,49
2026-09-09T13:41:39+07:00,704720868465795037095760,Jl. Tlogomas Arah Timur,commute,64296,1.4,49
2026-09-09T13:41:42+07:00,097779292771471341955457,Pertigaan Tunggulmas,dest1+2,131788,5.954,49
2026-09-09T13:41:44+07:00,522539750301519499247770,Jembatan TunggulMas,dest2,117688,2.04,49
2026-09-09T13:41:47+07:00,180731272173025410229793,Jl Raya Tlogomas 83 Arah Timur,commute,86480,1.259,49
2026-09-09T13:41:49+07:00,572534477246123479166921,Jl Raya Tlogomas 14a Arah Barat,commute,66176,2.322,49
2026-09-09T13:41:51+07:00,639466428930627267991858,Jl. Sumber Sari Arah Utara,dest3,88172,2.83,49
2026-09-09T13:41:54+07:00,967823448439028638648911,Jl. Sigura-Gura Arah Barat,dest3,102836,3.3,49
2026-09-09T13:41:56+07:00,767576969564466612969572,Jl Veteran Gerbang UB,dest3,59972,0.564,29
2026-09-09T13:41:59+07:00,636589114401733445781917,Jl. Veteran Arah Timur,dest3,69936,2.213,49
2026-09-09T13:42:01+07:00,673512185163543498056968,Jl. Panjaitan Arah Timur,commute,93248,2.788,49
2026-09-09T13:42:03+07:00,446907421280943044413749,Jl MT Haryono Arah Barat,commute,127840,2.418,29
2026-09-09T13:42:06+07:00,268660637162985239935545,Jl. Ijen Arah Utara,cafe,84412,3.362,49
2026-09-09T13:42:08+07:00,322877538584592778525433,Jl. Kawi Arah Barat,cafe,59032,0.78,49
2026-09-09T13:42:10+07:00,184398221253246434285173,Jl. Soekarno Hatta Arah Timur (Center Point),cafe,104152,4.323,49
2026-09-09T13:42:13+07:00,227920422769509645238654,Jl. Soekarno Hatta Arah Selatan,cafe,122952,2.894,29
2026-09-09T13:42:15+07:00,077636403437244032401245,Jl. Terusan Dieng Arah Barat,cafe,65800,0.465,49
2026-09-09T18:56:51+07:00,318197263503692449077822,Jl. Tlogomas Arah Barat,commute,79524,2.392,49
2026-09-09T18:56:54+07:00,704720868465795037095760,Jl. Tlogomas Arah Timur,commute,79524,2.327,49
2026-09-09T18:56:56+07:00,097779292771471341955457,Pertigaan Tunggulmas,dest1+2,114116,6.276,49
2026-09-09T18:56:59+07:00,522539750301519499247770,Jembatan TunggulMas,dest2,125584,0.452,49
2026-09-09T18:57:01+07:00,180731272173025410229793,Jl Raya Tlogomas 83 Arah Timur,commute,103212,3.992,49
2026-09-09T18:57:04+07:00,572534477246123479166921,Jl Raya Tlogomas 14a Arah Barat,commute,93624,4.561,49
2026-09-09T18:57:06+07:00,639466428930627267991858,Jl. Sumber Sari Arah Utara,dest3,55836,0.763,49
2026-09-09T18:57:08+07:00,967823448439028638648911,Jl. Sigura-Gura Arah Barat,dest3,73508,1.198,49
2026-09-09T18:57:10+07:00,767576969564466612969572,Jl Veteran Gerbang UB,dest3,61100,0.823,29
2026-09-09T18:57:13+07:00,636589114401733445781917,Jl. Veteran Arah Timur,dest3,80840,2.408,49
2026-09-09T18:57:15+07:00,673512185163543498056968,Jl. Panjaitan Arah Timur,commute,69372,2.073,49
2026-09-09T18:57:17+07:00,446907421280943044413749,Jl MT Haryono Arah Barat,commute,132728,6.781,29
2026-09-09T18:57:20+07:00,268660637162985239935545,Jl. Ijen Arah Utara,cafe,63732,1.7,49
2026-09-09T18:57:22+07:00,322877538584592778525433,Jl. Kawi Arah Barat,cafe,70500,2.618,49
2026-09-09T18:57:24+07:00,184398221253246434285173,Jl. Soekarno Hatta Arah Timur (Center Point),cafe,62792,4.517,49
2026-09-09T18:57:27+07:00,227920422769509645238654,Jl. Soekarno Hatta Arah Selatan,cafe,129344,3.83,29
2026-09-09T18:57:29+07:00,077636403437244032401245,Jl. Terusan Dieng Arah Barat,cafe,64672,0.323,49
2026-09-09T23:25:49+07:00,318197263503692449077822,Jl. Tlogomas Arah Barat,commute,54144,0.725,49
2026-09-09T23:25:52+07:00,704720868465795037095760,Jl. Tlogomas Arah Timur,commute,66176,1.246,49
2026-09-09T23:25:54+07:00,097779292771471341955457,Pertigaan Tunggulmas,dest1+2,113740,2.196,49
2026-09-09T23:25:57+07:00,522539750301519499247770,Jembatan TunggulMas,dest2,117688,1.148,49
2026-09-09T23:26:00+07:00,180731272173025410229793,Jl Raya Tlogomas 83 Arah Timur,commute,57528,0.575,49
2026-09-09T23:26:03+07:00,572534477246123479166921,Jl Raya Tlogomas 14a Arah Barat,commute,78020,3.125,49
2026-09-09T23:26:06+07:00,639466428930627267991858,Jl. Sumber Sari Arah Utara,dest3,65424,1.256,49
2026-09-09T23:26:09+07:00,967823448439028638648911,Jl. Sigura-Gura Arah Barat,dest3,83472,2.31,49
2026-09-09T23:26:12+07:00,767576969564466612969572,Jl Veteran Gerbang UB,dest3,58468,0.156,29
2026-09-09T23:26:14+07:00,636589114401733445781917,Jl. Veteran Arah Timur,dest3,64672,1.128,49
2026-09-09T23:26:17+07:00,673512185163543498056968,Jl. Panjaitan Arah Timur,commute,62416,0.746,49
2026-09-09T23:26:19+07:00,446907421280943044413749,Jl MT Haryono Arah Barat,commute,141752,2.884,29
2026-09-09T23:26:22+07:00,268660637162985239935545,Jl. Ijen Arah Utara,cafe,65612,0.623,49
2026-09-09T23:26:24+07:00,322877538584592778525433,Jl. Kawi Arah Barat,cafe,73508,0.455,49
2026-09-09T23:26:28+07:00,184398221253246434285173,Jl. Soekarno Hatta Arah Timur (Center Point),cafe,63732,1.34,49
2026-09-09T23:26:30+07:00,227920422769509645238654,Jl. Soekarno Hatta Arah Selatan,cafe,128968,2.124,29
2026-09-09T23:26:33+07:00,077636403437244032401245,Jl. Terusan Dieng Arah Barat,cafe,68432,0.269,49
2026-09-10T02:23:16+07:00,318197263503692449077822,Jl. Tlogomas Arah Barat,commute,66364,0.436,49
2026-09-10T02:23:19+07:00,704720868465795037095760,Jl. Tlogomas Arah Timur,commute,73132,1.029,49
2026-09-10T02:23:21+07:00,097779292771471341955457,Pertigaan Tunggulmas,dest1+2,121636,0.043,49
2026-09-10T02:23:24+07:00,522539750301519499247770,Jembatan TunggulMas,dest2,116372,0.882,49
2026-09-10T02:23:27+07:00,180731272173025410229793,Jl Raya Tlogomas 83 Arah Timur,commute,73696,0.35,49
2026-09-10T02:23:30+07:00,572534477246123479166921,Jl Raya Tlogomas 14a Arah Barat,commute,71628,0.105,49
2026-09-10T02:23:32+07:00,639466428930627267991858,Jl. Sumber Sari Arah Utara,dest3,64484,0.382,49
2026-09-10T02:23:35+07:00,967823448439028638648911,Jl. Sigura-Gura Arah Barat,dest3,65424,0.3,49
2026-09-10T02:23:38+07:00,767576969564466612969572,Jl Veteran Gerbang UB,dest3,46812,0.078,29
2026-09-10T02:23:40+07:00,636589114401733445781917,Jl. Veteran Arah Timur,dest3,62604,0.086,49
2026-09-10T02:23:43+07:00,673512185163543498056968,Jl. Panjaitan Arah Timur,commute,69560,0.466,49
2026-09-10T02:23:45+07:00,446907421280943044413749,Jl MT Haryono Arah Barat,commute,129908,0.463,29
2026-09-10T02:23:48+07:00,268660637162985239935545,Jl. Ijen Arah Utara,cafe,69184,0.338,49
2026-09-10T02:23:51+07:00,322877538584592778525433,Jl. Kawi Arah Barat,cafe,46812,0.332,49
2026-09-10T02:23:53+07:00,184398221253246434285173,Jl. Soekarno Hatta Arah Timur (Center Point),cafe,65236,0.096,49
2026-09-10T02:23:56+07:00,227920422769509645238654,Jl. Soekarno Hatta Arah Selatan,cafe,117500,1.475,29
2026-09-10T02:23:59+07:00,077636403437244032401245,Jl. Terusan Dieng Arah Barat,cafe,73132,0.04,49
2026-09-10T04:48:56+07:00,318197263503692449077822,Jl. Tlogomas Arah Barat,commute,63356,0.194,49
2026-09-10T04:48:59+07:00,704720868465795037095760,Jl. Tlogomas Arah Timur,commute,67680,2.98,49
2026-09-10T04:49:01+07:00,097779292771471341955457,Pertigaan Tunggulmas,dest1+2,122388,2.325,49
2026-09-10T04:49:04+07:00,522539750301519499247770,Jembatan TunggulMas,dest2,125396,0.066,49
2026-09-10T04:49:07+07:00,180731272173025410229793,Jl Raya Tlogomas 83 Arah Timur,commute,58468,0.088,49
2026-09-10T04:49:10+07:00,572534477246123479166921,Jl Raya Tlogomas 14a Arah Barat,commute,67868,0.21,49
2026-09-10T04:49:12+07:00,639466428930627267991858,Jl. Sumber Sari Arah Utara,dest3,68996,0.573,49
2026-09-10T04:49:15+07:00,967823448439028638648911,Jl. Sigura-Gura Arah Barat,dest3,57152,1.061,49
2026-09-10T04:49:17+07:00,767576969564466612969572,Jl Veteran Gerbang UB,dest3,46060,0.072,29
2026-09-10T04:49:20+07:00,636589114401733445781917,Jl. Veteran Arah Timur,dest3,69748,0.24,49
2026-09-10T04:49:23+07:00,673512185163543498056968,Jl. Panjaitan Arah Timur,commute,67116,0.043,49
2026-09-10T04:49:25+07:00,446907421280943044413749,Jl MT Haryono Arah Barat,commute,143256,2.204,29
2026-09-10T04:49:28+07:00,268660637162985239935545,Jl. Ijen Arah Utara,cafe,64108,0.017,49
2026-09-10T04:49:30+07:00,322877538584592778525433,Jl. Kawi Arah Barat,cafe,71252,0.67,49
2026-09-10T04:49:33+07:00,184398221253246434285173,Jl. Soekarno Hatta Arah Timur (Center Point),cafe,65236,2.087,49
2026-09-10T04:49:36+07:00,227920422769509645238654,Jl. Soekarno Hatta Arah Selatan,cafe,136676,0.547,29
2026-09-10T04:49:38+07:00,077636403437244032401245,Jl. Terusan Dieng Arah Barat,cafe,66928,0.34,49
2026-09-10T06:46:56+07:00,318197263503692449077822,Jl. Tlogomas Arah Barat,commute,91368,3.238,49
2026-09-10T06:46:59+07:00,704720868465795037095760,Jl. Tlogomas Arah Timur,commute,90616,3.307,49
2026-09-10T06:47:01+07:00,097779292771471341955457,Pertigaan Tunggulmas,dest1+2,100392,4.807,49
2026-09-10T06:47:04+07:00,522539750301519499247770,Jembatan TunggulMas,dest2,122012,5.563,49
2026-09-10T06:47:07+07:00,180731272173025410229793,Jl Raya Tlogomas 83 Arah Timur,commute,56964,0.813,49
2026-09-10T06:47:10+07:00,572534477246123479166921,Jl Raya Tlogomas 14a Arah Barat,commute,64860,1.1,49
2026-09-10T06:47:12+07:00,639466428930627267991858,Jl. Sumber Sari Arah Utara,dest3,126712,3.98,49
2026-09-10T06:47:15+07:00,967823448439028638648911,Jl. Sigura-Gura Arah Barat,dest3,87420,2.636,49
2026-09-10T06:47:18+07:00,767576969564466612969572,Jl Veteran Gerbang UB,dest3,58656,0.676,29
2026-09-10T06:47:20+07:00,636589114401733445781917,Jl. Veteran Arah Timur,dest3,94752,3.724,49
2026-09-10T06:47:23+07:00,673512185163543498056968,Jl. Panjaitan Arah Timur,commute,79900,2.065,49
2026-09-10T06:47:26+07:00,446907421280943044413749,Jl MT Haryono Arah Barat,commute,129720,5.248,29
2026-09-10T06:47:28+07:00,268660637162985239935545,Jl. Ijen Arah Utara,cafe,80276,2.265,49
2026-09-10T06:47:31+07:00,322877538584592778525433,Jl. Kawi Arah Barat,cafe,66552,0.099,49
2026-09-10T06:47:33+07:00,184398221253246434285173,Jl. Soekarno Hatta Arah Timur (Center Point),cafe,91368,4.614,49
2026-09-10T06:47:36+07:00,227920422769509645238654,Jl. Soekarno Hatta Arah Selatan,cafe,124268,1.037,29
2026-09-10T06:47:38+07:00,077636403437244032401245,Jl. Terusan Dieng Arah Barat,cafe,68244,0.162,49
2026-09-10T08:31:51+07:00,318197263503692449077822,Jl. Tlogomas Arah Barat,commute,116560,3.772,49
2026-09-10T08:31:54+07:00,704720868465795037095760,Jl. Tlogomas Arah Timur,commute,81404,3.015,49
2026-09-10T08:31:57+07:00,097779292771471341955457,Pertigaan Tunggulmas,dest1+2,113740,2.935,49
2026-09-10T08:32:00+07:00,522539750301519499247770,Jembatan TunggulMas,dest2,125020,2.227,49
2026-09-10T08:32:03+07:00,180731272173025410229793,Jl Raya Tlogomas 83 Arah Timur,commute,56776,1.381,49
2026-09-10T08:32:06+07:00,572534477246123479166921,Jl Raya Tlogomas 14a Arah Barat,commute,54332,1.369,49
2026-09-10T08:32:08+07:00,639466428930627267991858,Jl. Sumber Sari Arah Utara,dest3,122952,4.531,49
2026-09-10T08:32:11+07:00,967823448439028638648911,Jl. Sigura-Gura Arah Barat,dest3,114492,3.644,49
2026-09-10T08:32:14+07:00,767576969564466612969572,Jl Veteran Gerbang UB,dest3,58280,0.569,29
2026-09-10T08:32:17+07:00,636589114401733445781917,Jl. Veteran Arah Timur,dest3,96820,3.448,49
2026-09-10T08:32:20+07:00,673512185163543498056968,Jl. Panjaitan Arah Timur,commute,71064,0.975,49
2026-09-10T08:32:23+07:00,446907421280943044413749,Jl MT Haryono Arah Barat,commute,131036,4.257,29
2026-09-10T08:32:26+07:00,268660637162985239935545,Jl. Ijen Arah Utara,cafe,64672,1.268,49
2026-09-10T08:32:28+07:00,322877538584592778525433,Jl. Kawi Arah Barat,cafe,61476,1.429,49
2026-09-10T08:32:31+07:00,184398221253246434285173,Jl. Soekarno Hatta Arah Timur (Center Point),cafe,86856,3.982,49
2026-09-10T08:32:34+07:00,227920422769509645238654,Jl. Soekarno Hatta Arah Selatan,cafe,137052,1.041,29
2026-09-10T08:32:37+07:00,077636403437244032401245,Jl. Terusan Dieng Arah Barat,cafe,66928,0.38,49
2026-09-10T13:37:56+07:00,318197263503692449077822,Jl. Tlogomas Arah Barat,commute,99640,4.776,49
2026-09-10T13:37:59+07:00,704720868465795037095760,Jl. Tlogomas Arah Timur,commute,85540,3.939,49
2026-09-10T13:38:02+07:00,097779292771471341955457,Pertigaan Tunggulmas,dest1+2,117312,7.075,49
2026-09-10T13:38:04+07:00,522539750301519499247770,Jembatan TunggulMas,dest2,125396,1.304,49
2026-09-10T13:38:07+07:00,180731272173025410229793,Jl Raya Tlogomas 83 Arah Timur,commute,97008,2.277,49
2026-09-10T13:38:09+07:00,572534477246123479166921,Jl Raya Tlogomas 14a Arah Barat,commute,63544,1.663,49
2026-09-10T13:38:11+07:00,639466428930627267991858,Jl. Sumber Sari Arah Utara,dest3,62980,0.881,49
2026-09-10T13:38:14+07:00,967823448439028638648911,Jl. Sigura-Gura Arah Barat,dest3,67680,0.527,49
2026-09-10T13:38:16+07:00,767576969564466612969572,Jl Veteran Gerbang UB,dest3,61288,1.027,29
2026-09-10T13:38:18+07:00,636589114401733445781917,Jl. Veteran Arah Timur,dest3,76516,1.822,49
2026-09-10T13:38:21+07:00,673512185163543498056968,Jl. Panjaitan Arah Timur,commute,71064,1.854,49
2026-09-10T13:38:23+07:00,446907421280943044413749,Jl MT Haryono Arah Barat,commute,127276,7.989,29
2026-09-10T13:38:25+07:00,268660637162985239935545,Jl. Ijen Arah Utara,cafe,83660,2.406,49
2026-09-10T13:38:28+07:00,322877538584592778525433,Jl. Kawi Arah Barat,cafe,81968,1.721,49
2026-09-10T13:38:30+07:00,184398221253246434285173,Jl. Soekarno Hatta Arah Timur (Center Point),cafe,83660,3.857,49
2026-09-10T13:38:32+07:00,227920422769509645238654,Jl. Soekarno Hatta Arah Selatan,cafe,126148,1.617,29
2026-09-10T13:38:35+07:00,077636403437244032401245,Jl. Terusan Dieng Arah Barat,cafe,67680,0.836,49
2026-09-10T18:49:57+07:00,318197263503692449077822,Jl. Tlogomas Arah Barat,commute,88736,3.372,49
2026-09-10T18:50:00+07:00,704720868465795037095760,Jl. Tlogomas Arah Timur,commute,111672,4.482,49
2026-09-10T18:50:03+07:00,097779292771471341955457,Pertigaan Tunggulmas,dest1+2,119192,5.411,49
2026-09-10T18:50:06+07:00,522539750301519499247770,Jembatan TunggulMas,dest2,122200,1.415,49
2026-09-10T18:50:09+07:00,180731272173025410229793,Jl Raya Tlogomas 83 Arah Timur,commute,92872,3.311,49
2026-09-10T18:50:12+07:00,572534477246123479166921,Jl Raya Tlogomas 14a Arah Barat,commute,71252,2.577,49
2026-09-10T18:50:14+07:00,639466428930627267991858,Jl. Sumber Sari Arah Utara,dest3,64672,0.96,49
2026-09-10T18:50:16+07:00,967823448439028638648911,Jl. Sigura-Gura Arah Barat,dest3,65424,0.607,49
2026-09-10T18:50:19+07:00,767576969564466612969572,Jl Veteran Gerbang UB,dest3,61100,1.427,29
2026-09-10T18:50:21+07:00,636589114401733445781917,Jl. Veteran Arah Timur,dest3,63168,1.141,49
2026-09-10T18:50:24+07:00,673512185163543498056968,Jl. Panjaitan Arah Timur,commute,61100,1.461,49
2026-09-10T18:50:26+07:00,446907421280943044413749,Jl MT Haryono Arah Barat,commute,139496,4.151,29
2026-09-10T18:50:29+07:00,268660637162985239935545,Jl. Ijen Arah Utara,cafe,74824,1.657,49
2026-09-10T18:50:31+07:00,322877538584592778525433,Jl. Kawi Arah Barat,cafe,62980,0.695,49
2026-09-10T18:50:34+07:00,184398221253246434285173,Jl. Soekarno Hatta Arah Timur (Center Point),cafe,81028,5.2,49
2026-09-10T18:50:36+07:00,227920422769509645238654,Jl. Soekarno Hatta Arah Selatan,cafe,134420,2.191,29
2026-09-10T18:50:39+07:00,077636403437244032401245,Jl. Terusan Dieng Arah Barat,cafe,68996,0.42,49
2026-09-10T22:44:01+07:00,318197263503692449077822,Jl. Tlogomas Arah Barat,commute,97572,4.568,49
2026-09-10T22:44:03+07:00,704720868465795037095760,Jl. Tlogomas Arah Timur,commute,73320,2.707,49
2026-09-10T22:44:06+07:00,097779292771471341955457,Pertigaan Tunggulmas,dest1+2,121448,4.581,49
2026-09-10T22:44:09+07:00,522539750301519499247770,Jembatan TunggulMas,dest2,119004,0.269,49
2026-09-10T22:44:12+07:00,180731272173025410229793,Jl Raya Tlogomas 83 Arah Timur,commute,63356,2.185,49
2026-09-10T22:44:14+07:00,572534477246123479166921,Jl Raya Tlogomas 14a Arah Barat,commute,61288,1.365,49
2026-09-10T22:44:17+07:00,639466428930627267991858,Jl. Sumber Sari Arah Utara,dest3,79148,2.735,49
2026-09-10T22:44:19+07:00,967823448439028638648911,Jl. Sigura-Gura Arah Barat,dest3,84600,3.0,49
2026-09-10T22:44:21+07:00,767576969564466612969572,Jl Veteran Gerbang UB,dest3,62980,0.339,29
2026-09-10T22:44:24+07:00,636589114401733445781917,Jl. Veteran Arah Timur,dest3,65800,0.59,49
2026-09-10T22:44:26+07:00,673512185163543498056968,Jl. Panjaitan Arah Timur,commute,69372,0.228,49
2026-09-10T22:44:28+07:00,446907421280943044413749,Jl MT Haryono Arah Barat,commute,133292,1.48,29
2026-09-10T22:44:31+07:00,268660637162985239935545,Jl. Ijen Arah Utara,cafe,67304,0.306,49
2026-09-10T22:44:33+07:00,322877538584592778525433,Jl. Kawi Arah Barat,cafe,61288,0.628,49
2026-09-10T22:44:36+07:00,184398221253246434285173,Jl. Soekarno Hatta Arah Timur (Center Point),cafe,47564,2.316,49
2026-09-10T22:44:38+07:00,227920422769509645238654,Jl. Soekarno Hatta Arah Selatan,cafe,149084,1.862,29
2026-09-10T22:44:41+07:00,077636403437244032401245,Jl. Terusan Dieng Arah Barat,cafe,68244,0.877,49
2026-09-11T01:42:09+07:00,318197263503692449077822,Jl. Tlogomas Arah Barat,commute,70500,0.96,49
2026-09-11T01:42:11+07:00,704720868465795037095760,Jl. Tlogomas Arah Timur,commute,61288,0.714,49
2026-09-11T01:42:14+07:00,097779292771471341955457,Pertigaan Tunggulmas,dest1+2,123140,0.347,49
2026-09-11T01:42:16+07:00,522539750301519499247770,Jembatan TunggulMas,dest2,122200,0.078,49
2026-09-11T01:42:19+07:00,180731272173025410229793,Jl Raya Tlogomas 83 Arah Timur,commute,59972,0.145,49
2026-09-11T01:42:21+07:00,572534477246123479166921,Jl Raya Tlogomas 14a Arah Barat,commute,65236,0.118,49
2026-09-11T01:42:24+07:00,639466428930627267991858,Jl. Sumber Sari Arah Utara,dest3,65988,0.861,49
2026-09-11T01:42:26+07:00,967823448439028638648911,Jl. Sigura-Gura Arah Barat,dest3,57904,0.579,49
2026-09-11T01:42:28+07:00,767576969564466612969572,Jl Veteran Gerbang UB,dest3,50572,0.084,29
2026-09-11T01:42:31+07:00,636589114401733445781917,Jl. Veteran Arah Timur,dest3,59408,0.136,49
2026-09-11T01:42:33+07:00,673512185163543498056968,Jl. Panjaitan Arah Timur,commute,59596,0.024,49
2026-09-11T01:42:36+07:00,446907421280943044413749,Jl MT Haryono Arah Barat,commute,134608,3.727,29
2026-09-11T01:42:38+07:00,268660637162985239935545,Jl. Ijen Arah Utara,cafe,65048,0.038,49
2026-09-11T01:42:40+07:00,322877538584592778525433,Jl. Kawi Arah Barat,cafe,71440,0.054,49
2026-09-11T01:42:43+07:00,184398221253246434285173,Jl. Soekarno Hatta Arah Timur (Center Point),cafe,65988,0.034,49
2026-09-11T01:42:45+07:00,227920422769509645238654,Jl. Soekarno Hatta Arah Selatan,cafe,157920,2.8,29
2026-09-11T01:42:48+07:00,077636403437244032401245,Jl. Terusan Dieng Arah Barat,cafe,69372,0.035,49
2026-09-11T04:14:11+07:00,318197263503692449077822,Jl. Tlogomas Arah Barat,commute,69560,0.261,49
2026-09-11T04:14:15+07:00,704720868465795037095760,Jl. Tlogomas Arah Timur,commute,73508,2.184,49
2026-09-11T04:14:17+07:00,097779292771471341955457,Pertigaan Tunggulmas,dest1+2,123704,0.191,49
2026-09-11T04:14:20+07:00,522539750301519499247770,Jembatan TunggulMas,dest2,124080,0.107,49
2026-09-11T04:14:23+07:00,180731272173025410229793,Jl Raya Tlogomas 83 Arah Timur,commute,66552,0.103,49
2026-09-11T04:14:25+07:00,572534477246123479166921,Jl Raya Tlogomas 14a Arah Barat,commute,72944,0.055,49
2026-09-11T04:14:27+07:00,639466428930627267991858,Jl. Sumber Sari Arah Utara,dest3,82908,2.72,49
2026-09-11T04:14:30+07:00,967823448439028638648911,Jl. Sigura-Gura Arah Barat,dest3,51700,0.576,49
2026-09-11T04:14:32+07:00,767576969564466612969572,Jl Veteran Gerbang UB,dest3,49068,0.074,29
2026-09-11T04:14:35+07:00,636589114401733445781917,Jl. Veteran Arah Timur,dest3,68620,0.016,49
2026-09-11T04:14:37+07:00,673512185163543498056968,Jl. Panjaitan Arah Timur,commute,68432,0.016,49
2026-09-11T04:14:39+07:00,446907421280943044413749,Jl MT Haryono Arah Barat,commute,128780,0.813,29
2026-09-11T04:14:42+07:00,268660637162985239935545,Jl. Ijen Arah Utara,cafe,61476,0.019,49
2026-09-11T04:14:44+07:00,322877538584592778525433,Jl. Kawi Arah Barat,cafe,79900,1.324,49
2026-09-11T04:14:47+07:00,184398221253246434285173,Jl. Soekarno Hatta Arah Timur (Center Point),cafe,61664,0.497,49
2026-09-11T04:14:49+07:00,227920422769509645238654,Jl. Soekarno Hatta Arah Selatan,cafe,128780,0.96,29
2026-09-11T04:14:52+07:00,077636403437244032401245,Jl. Terusan Dieng Arah Barat,cafe,67304,0.087,49
2026-09-11T06:13:48+07:00,318197263503692449077822,Jl. Tlogomas Arah Barat,commute,60160,2.018,49
2026-09-11T06:13:51+07:00,704720868465795037095760,Jl. Tlogomas Arah Timur,commute,61476,1.103,49
2026-09-11T06:13:53+07:00,097779292771471341955457,Pertigaan Tunggulmas,dest1+2,123704,1.017,49
2026-09-11T06:13:56+07:00,522539750301519499247770,Jembatan TunggulMas,dest2,117688,0.246,49
2026-09-11T06:13:58+07:00,180731272173025410229793,Jl Raya Tlogomas 83 Arah Timur,commute,71064,2.477,49
2026-09-11T06:14:00+07:00,572534477246123479166921,Jl Raya Tlogomas 14a Arah Barat,commute,63544,2.484,49
2026-09-11T06:14:03+07:00,639466428930627267991858,Jl. Sumber Sari Arah Utara,dest3,75952,2.575,49
2026-09-11T06:14:05+07:00,967823448439028638648911,Jl. Sigura-Gura Arah Barat,dest3,75200,3.047,49
2026-09-11T06:14:08+07:00,767576969564466612969572,Jl Veteran Gerbang UB,dest3,60348,0.224,29
2026-09-11T06:14:10+07:00,636589114401733445781917,Jl. Veteran Arah Timur,dest3,69184,0.382,49
2026-09-11T06:14:12+07:00,673512185163543498056968,Jl. Panjaitan Arah Timur,commute,58844,0.665,49
2026-09-11T06:14:14+07:00,446907421280943044413749,Jl MT Haryono Arah Barat,commute,135736,4.299,29
2026-09-11T06:14:17+07:00,268660637162985239935545,Jl. Ijen Arah Utara,cafe,73320,3.1,49
2026-09-11T06:14:19+07:00,322877538584592778525433,Jl. Kawi Arah Barat,cafe,66552,0.6,49
2026-09-11T06:14:21+07:00,184398221253246434285173,Jl. Soekarno Hatta Arah Timur (Center Point),cafe,69748,3.752,49
2026-09-11T06:14:24+07:00,227920422769509645238654,Jl. Soekarno Hatta Arah Selatan,cafe,119192,1.988,29
2026-09-11T06:14:26+07:00,077636403437244032401245,Jl. Terusan Dieng Arah Barat,cafe,66552,0.684,49
2026-09-11T08:10:38+07:00,318197263503692449077822,Jl. Tlogomas Arah Barat,commute,103400,4.163,49
2026-09-11T08:10:41+07:00,704720868465795037095760,Jl. Tlogomas Arah Timur,commute,82720,3.178,49
2026-09-11T08:10:44+07:00,097779292771471341955457,Pertigaan Tunggulmas,dest1+2,119756,0.21,49
2026-09-11T08:10:47+07:00,522539750301519499247770,Jembatan TunggulMas,dest2,133292,2.459,49
2026-09-11T08:10:51+07:00,180731272173025410229793,Jl Raya Tlogomas 83 Arah Timur,commute,57716,0.939,49
2026-09-11T08:10:54+07:00,572534477246123479166921,Jl Raya Tlogomas 14a Arah Barat,commute,61100,0.083,49
2026-09-11T08:10:56+07:00,639466428930627267991858,Jl. Sumber Sari Arah Utara,dest3,59784,1.35,49
2026-09-11T08:10:59+07:00,967823448439028638648911,Jl. Sigura-Gura Arah Barat,dest3,65048,0.587,49
2026-09-11T08:11:01+07:00,767576969564466612969572,Jl Veteran Gerbang UB,dest3,55084,0.586,29
2026-09-11T08:11:03+07:00,636589114401733445781917,Jl. Veteran Arah Timur,dest3,66928,1.775,49
2026-09-11T08:11:06+07:00,673512185163543498056968,Jl. Panjaitan Arah Timur,commute,70124,0.813,49
2026-09-11T08:11:08+07:00,446907421280943044413749,Jl MT Haryono Arah Barat,commute,130848,5.096,29
2026-09-11T08:11:11+07:00,268660637162985239935545,Jl. Ijen Arah Utara,cafe,64296,2.201,49
2026-09-11T08:11:13+07:00,322877538584592778525433,Jl. Kawi Arah Barat,cafe,65800,0.818,49
2026-09-11T08:11:15+07:00,184398221253246434285173,Jl. Soekarno Hatta Arah Timur (Center Point),cafe,78772,3.814,49
2026-09-11T08:11:18+07:00,227920422769509645238654,Jl. Soekarno Hatta Arah Selatan,cafe,135736,1.621,29
2026-09-11T08:11:21+07:00,077636403437244032401245,Jl. Terusan Dieng Arah Barat,cafe,67492,0.997,49
2026-09-11T13:04:25+07:00,318197263503692449077822,Jl. Tlogomas Arah Barat,commute,60724,1.813,49
2026-09-11T13:04:28+07:00,704720868465795037095760,Jl. Tlogomas Arah Timur,commute,61476,0.684,49
2026-09-11T13:04:31+07:00,097779292771471341955457,Pertigaan Tunggulmas,dest1+2,125772,7.247,49
2026-09-11T13:04:33+07:00,522539750301519499247770,Jembatan TunggulMas,dest2,122012,1.053,49
2026-09-11T13:04:35+07:00,180731272173025410229793,Jl Raya Tlogomas 83 Arah Timur,commute,127464,3.723,49
2026-09-11T13:04:38+07:00,572534477246123479166921,Jl Raya Tlogomas 14a Arah Barat,commute,99828,4.323,49
2026-09-11T13:04:40+07:00,639466428930627267991858,Jl. Sumber Sari Arah Utara,dest3,96820,3.325,49
2026-09-11T13:04:42+07:00,967823448439028638648911,Jl. Sigura-Gura Arah Barat,dest3,99640,3.962,49
2026-09-11T13:04:45+07:00,767576969564466612969572,Jl Veteran Gerbang UB,dest3,66740,1.422,29
2026-09-11T13:04:47+07:00,636589114401733445781917,Jl. Veteran Arah Timur,dest3,107912,5.379,49
2026-09-11T13:04:49+07:00,673512185163543498056968,Jl. Panjaitan Arah Timur,commute,70876,1.739,49
2026-09-11T13:04:52+07:00,446907421280943044413749,Jl MT Haryono Arah Barat,commute,124456,4.453,29
2026-09-11T13:04:54+07:00,268660637162985239935545,Jl. Ijen Arah Utara,cafe,79336,2.946,49
2026-09-11T13:04:56+07:00,322877538584592778525433,Jl. Kawi Arah Barat,cafe,68620,0.316,49
2026-09-11T13:04:58+07:00,184398221253246434285173,Jl. Soekarno Hatta Arah Timur (Center Point),cafe,97572,4.924,49
2026-09-11T13:05:01+07:00,227920422769509645238654,Jl. Soekarno Hatta Arah Selatan,cafe,133668,4.233,29
2026-09-11T13:05:03+07:00,077636403437244032401245,Jl. Terusan Dieng Arah Barat,cafe,62228,0.711,49
2026-09-11T18:13:19+07:00,318197263503692449077822,Jl. Tlogomas Arah Barat,commute,86856,3.239,49
2026-09-11T18:13:22+07:00,704720868465795037095760,Jl. Tlogomas Arah Timur,commute,96820,4.133,49
2026-09-11T18:13:25+07:00,097779292771471341955457,Pertigaan Tunggulmas,dest1+2,110356,7.139,49
2026-09-11T18:13:28+07:00,522539750301519499247770,Jembatan TunggulMas,dest2,125208,4.525,49
2026-09-11T18:13:31+07:00,180731272173025410229793,Jl Raya Tlogomas 83 Arah Timur,commute,101144,2.431,49
2026-09-11T18:13:34+07:00,572534477246123479166921,Jl Raya Tlogomas 14a Arah Barat,commute,60536,1.182,49
2026-09-11T18:13:36+07:00,639466428930627267991858,Jl. Sumber Sari Arah Utara,dest3,106596,3.63,49
2026-09-11T18:13:39+07:00,967823448439028638648911,Jl. Sigura-Gura Arah Barat,dest3,110356,3.802,49
2026-09-11T18:13:42+07:00,767576969564466612969572,Jl Veteran Gerbang UB,dest3,61100,1.499,29
2026-09-11T18:13:44+07:00,636589114401733445781917,Jl. Veteran Arah Timur,dest3,66176,1.118,49
2026-09-11T18:13:47+07:00,673512185163543498056968,Jl. Panjaitan Arah Timur,commute,67116,0.694,49
2026-09-11T18:13:50+07:00,446907421280943044413749,Jl MT Haryono Arah Barat,commute,18988,,-1
2026-09-11T18:13:52+07:00,268660637162985239935545,Jl. Ijen Arah Utara,cafe,82908,2.148,49
2026-09-11T18:13:54+07:00,322877538584592778525433,Jl. Kawi Arah Barat,cafe,75012,3.233,49
2026-09-11T18:13:57+07:00,184398221253246434285173,Jl. Soekarno Hatta Arah Timur (Center Point),cafe,83096,5.668,49
2026-09-11T18:14:00+07:00,227920422769509645238654,Jl. Soekarno Hatta Arah Selatan,cafe,127276,2.281,29
2026-09-11T18:14:03+07:00,077636403437244032401245,Jl. Terusan Dieng Arah Barat,cafe,69748,0.728,49
2026-09-11T22:03:57+07:00,318197263503692449077822,Jl. Tlogomas Arah Barat,commute,75012,2.784,49
2026-09-11T22:04:00+07:00,704720868465795037095760,Jl. Tlogomas Arah Timur,commute,78020,3.361,49
2026-09-11T22:04:03+07:00,097779292771471341955457,Pertigaan Tunggulmas,dest1+2,104528,1.397,49
2026-09-11T22:04:08+07:00,522539750301519499247770,Jembatan TunggulMas,dest2,122200,0.331,49
2026-09-11T22:04:11+07:00,180731272173025410229793,Jl Raya Tlogomas 83 Arah Timur,commute,63168,1.669,49
2026-09-11T22:04:15+07:00,572534477246123479166921,Jl Raya Tlogomas 14a Arah Barat,commute,59408,1.954,49
2026-09-11T22:04:17+07:00,639466428930627267991858,Jl. Sumber Sari Arah Utara,dest3,64296,1.925,49
2026-09-11T22:04:21+07:00,967823448439028638648911,Jl. Sigura-Gura Arah Barat,dest3,81216,2.346,49
2026-09-11T22:04:24+07:00,767576969564466612969572,Jl Veteran Gerbang UB,dest3,59032,2.342,29
2026-09-11T22:04:27+07:00,636589114401733445781917,Jl. Veteran Arah Timur,dest3,73884,3.224,49
2026-09-11T22:04:29+07:00,673512185163543498056968,Jl. Panjaitan Arah Timur,commute,61288,1.546,49
2026-09-11T22:04:32+07:00,446907421280943044413749,Jl MT Haryono Arah Barat,commute,121824,6.762,29
2026-09-11T22:04:35+07:00,268660637162985239935545,Jl. Ijen Arah Utara,cafe,58468,1.79,49
2026-09-11T22:04:38+07:00,322877538584592778525433,Jl. Kawi Arah Barat,cafe,83096,2.838,49
2026-09-11T22:04:41+07:00,184398221253246434285173,Jl. Soekarno Hatta Arah Timur (Center Point),cafe,45496,2.217,49
2026-09-11T22:04:44+07:00,227920422769509645238654,Jl. Soekarno Hatta Arah Selatan,cafe,121072,4.506,29
2026-09-11T22:04:47+07:00,077636403437244032401245,Jl. Terusan Dieng Arah Barat,cafe,68996,0.753,49
2026-09-12T01:26:30+07:00,318197263503692449077822,Jl. Tlogomas Arah Barat,commute,78396,2.68,49
2026-09-12T01:26:35+07:00,704720868465795037095760,Jl. Tlogomas Arah Timur,commute,69184,1.06,49
2026-09-12T01:26:39+07:00,097779292771471341955457,Pertigaan Tunggulmas,dest1+2,123328,4.453,49
2026-09-12T01:26:43+07:00,522539750301519499247770,Jembatan TunggulMas,dest2,127464,0.515,49
2026-09-12T01:26:47+07:00,180731272173025410229793,Jl Raya Tlogomas 83 Arah Timur,commute,74824,1.324,49
2026-09-12T01:26:51+07:00,572534477246123479166921,Jl Raya Tlogomas 14a Arah Barat,commute,74448,0.595,49
2026-09-12T01:26:54+07:00,639466428930627267991858,Jl. Sumber Sari Arah Utara,dest3,57716,1.339,49
2026-09-12T01:26:57+07:00,967823448439028638648911,Jl. Sigura-Gura Arah Barat,dest3,58468,0.696,49
2026-09-12T01:27:00+07:00,767576969564466612969572,Jl Veteran Gerbang UB,dest3,55836,0.606,29
2026-09-12T01:27:04+07:00,636589114401733445781917,Jl. Veteran Arah Timur,dest3,69748,0.752,49
2026-09-12T01:27:07+07:00,673512185163543498056968,Jl. Panjaitan Arah Timur,commute,70124,0.023,49
2026-09-12T01:27:10+07:00,446907421280943044413749,Jl MT Haryono Arah Barat,commute,141000,0.898,29
2026-09-12T01:27:13+07:00,268660637162985239935545,Jl. Ijen Arah Utara,cafe,72756,0.523,49
2026-09-12T01:27:16+07:00,322877538584592778525433,Jl. Kawi Arah Barat,cafe,67116,0.084,49
2026-09-12T01:27:19+07:00,184398221253246434285173,Jl. Soekarno Hatta Arah Timur (Center Point),cafe,65800,1.197,49
2026-09-12T01:27:22+07:00,227920422769509645238654,Jl. Soekarno Hatta Arah Selatan,cafe,131224,0.206,30
2026-09-12T01:27:25+07:00,077636403437244032401245,Jl. Terusan Dieng Arah Barat,cafe,69748,0.145,49
2026-09-12T04:11:17+07:00,318197263503692449077822,Jl. Tlogomas Arah Barat,commute,67680,1.518,49
2026-09-12T04:11:21+07:00,704720868465795037095760,Jl. Tlogomas Arah Timur,commute,68432,2.08,49
2026-09-12T04:11:23+07:00,097779292771471341955457,Pertigaan Tunggulmas,dest1+2,122576,0.158,49
2026-09-12T04:11:26+07:00,522539750301519499247770,Jembatan TunggulMas,dest2,122012,0.045,49
2026-09-12T04:11:29+07:00,180731272173025410229793,Jl Raya Tlogomas 83 Arah Timur,commute,52828,0.102,49
2026-09-12T04:11:32+07:00,572534477246123479166921,Jl Raya Tlogomas 14a Arah Barat,commute,64296,0.256,49
2026-09-12T04:11:35+07:00,639466428930627267991858,Jl. Sumber Sari Arah Utara,dest3,70876,0.098,49
2026-09-12T04:11:38+07:00,967823448439028638648911,Jl. Sigura-Gura Arah Barat,dest3,71628,0.517,49
2026-09-12T04:11:40+07:00,767576969564466612969572,Jl Veteran Gerbang UB,dest3,47564,0.052,29
2026-09-12T04:11:43+07:00,636589114401733445781917,Jl. Veteran Arah Timur,dest3,65988,0.19,49
2026-09-12T04:11:46+07:00,673512185163543498056968,Jl. Panjaitan Arah Timur,commute,70876,0.018,49
2026-09-12T04:11:49+07:00,446907421280943044413749,Jl MT Haryono Arah Barat,commute,134420,2.549,29
2026-09-12T04:11:52+07:00,268660637162985239935545,Jl. Ijen Arah Utara,cafe,60724,0.232,49
2026-09-12T04:11:54+07:00,322877538584592778525433,Jl. Kawi Arah Barat,cafe,68244,0.053,49
2026-09-12T04:11:57+07:00,184398221253246434285173,Jl. Soekarno Hatta Arah Timur (Center Point),cafe,65612,0.382,49
2026-09-12T04:12:00+07:00,227920422769509645238654,Jl. Soekarno Hatta Arah Selatan,cafe,133668,1.217,29
2026-09-12T04:12:03+07:00,077636403437244032401245,Jl. Terusan Dieng Arah Barat,cafe,72756,0.042,49
2026-09-12T06:18:50+07:00,318197263503692449077822,Jl. Tlogomas Arah Barat,commute,69560,1.998,49
2026-09-12T06:18:53+07:00,704720868465795037095760,Jl. Tlogomas Arah Timur,commute,75952,2.81,49
2026-09-12T06:18:56+07:00,097779292771471341955457,Pertigaan Tunggulmas,dest1+2,111672,2.082,49
2026-09-12T06:18:59+07:00,522539750301519499247770,Jembatan TunggulMas,dest2,127652,0.382,49
2026-09-12T06:19:02+07:00,180731272173025410229793,Jl Raya Tlogomas 83 Arah Timur,commute,69748,0.102,49
2026-09-12T06:19:04+07:00,572534477246123479166921,Jl Raya Tlogomas 14a Arah Barat,commute,72380,0.616,49
2026-09-12T06:19:07+07:00,639466428930627267991858,Jl. Sumber Sari Arah Utara,dest3,71252,1.945,49
2026-09-12T06:19:10+07:00,967823448439028638648911,Jl. Sigura-Gura Arah Barat,dest3,72004,1.291,49
2026-09-12T06:19:13+07:00,767576969564466612969572,Jl Veteran Gerbang UB,dest3,56212,0.123,29
2026-09-12T06:19:15+07:00,636589114401733445781917,Jl. Veteran Arah Timur,dest3,72380,2.157,49
2026-09-12T06:19:18+07:00,673512185163543498056968,Jl. Panjaitan Arah Timur,commute,66928,0.283,49
2026-09-12T06:19:21+07:00,446907421280943044413749,Jl MT Haryono Arah Barat,commute,121824,0.667,29
2026-09-12T06:19:24+07:00,268660637162985239935545,Jl. Ijen Arah Utara,cafe,72004,2.165,49
2026-09-12T06:19:26+07:00,322877538584592778525433,Jl. Kawi Arah Barat,cafe,70500,0.269,49
2026-09-12T06:19:29+07:00,184398221253246434285173,Jl. Soekarno Hatta Arah Timur (Center Point),cafe,68996,2.94,49
2026-09-12T06:19:32+07:00,227920422769509645238654,Jl. Soekarno Hatta Arah Selatan,cafe,127464,0.842,29
2026-09-12T06:19:34+07:00,077636403437244032401245,Jl. Terusan Dieng Arah Barat,cafe,63544,0.629,49
2026-09-12T08:20:08+07:00,318197263503692449077822,Jl. Tlogomas Arah Barat,commute,77080,2.551,49
2026-09-12T08:20:11+07:00,704720868465795037095760,Jl. Tlogomas Arah Timur,commute,61664,1.884,49
2026-09-12T08:20:14+07:00,097779292771471341955457,Pertigaan Tunggulmas,dest1+2,115808,5.414,49
2026-09-12T08:20:16+07:00,522539750301519499247770,Jembatan TunggulMas,dest2,116372,1.237,49
2026-09-12T08:20:20+07:00,180731272173025410229793,Jl Raya Tlogomas 83 Arah Timur,commute,68996,2.945,49
2026-09-12T08:20:22+07:00,572534477246123479166921,Jl Raya Tlogomas 14a Arah Barat,commute,76328,3.348,49
2026-09-12T08:20:25+07:00,639466428930627267991858,Jl. Sumber Sari Arah Utara,dest3,75576,2.857,49
2026-09-12T08:20:28+07:00,967823448439028638648911,Jl. Sigura-Gura Arah Barat,dest3,63356,2.181,49
2026-09-12T08:20:31+07:00,767576969564466612969572,Jl Veteran Gerbang UB,dest3,56400,0.482,29
2026-09-12T08:20:33+07:00,636589114401733445781917,Jl. Veteran Arah Timur,dest3,51700,0.75,49
2026-09-12T08:20:36+07:00,673512185163543498056968,Jl. Panjaitan Arah Timur,commute,70500,1.525,49
2026-09-12T08:20:39+07:00,446907421280943044413749,Jl MT Haryono Arah Barat,commute,141000,9.496,29
2026-09-12T08:20:42+07:00,268660637162985239935545,Jl. Ijen Arah Utara,cafe,63732,0.897,49
2026-09-12T08:20:44+07:00,322877538584592778525433,Jl. Kawi Arah Barat,cafe,64296,0.705,49
2026-09-12T08:20:47+07:00,184398221253246434285173,Jl. Soekarno Hatta Arah Timur (Center Point),cafe,93060,3.475,49
2026-09-12T08:20:50+07:00,227920422769509645238654,Jl. Soekarno Hatta Arah Selatan,cafe,133856,0.932,29
2026-09-12T08:20:53+07:00,077636403437244032401245,Jl. Terusan Dieng Arah Barat,cafe,66740,0.406,49
2026-09-12T13:07:09+07:00,318197263503692449077822,Jl. Tlogomas Arah Barat,commute,63356,1.275,49
2026-09-12T13:07:12+07:00,704720868465795037095760,Jl. Tlogomas Arah Timur,commute,71816,2.061,49
2026-09-12T13:07:14+07:00,097779292771471341955457,Pertigaan Tunggulmas,dest1+2,116936,7.037,49
2026-09-12T13:07:17+07:00,522539750301519499247770,Jembatan TunggulMas,dest2,124456,2.837,49
2026-09-12T13:07:20+07:00,180731272173025410229793,Jl Raya Tlogomas 83 Arah Timur,commute,196836,3.586,49
2026-09-12T13:07:24+07:00,572534477246123479166921,Jl Raya Tlogomas 14a Arah Barat,commute,94188,2.142,49
2026-09-12T13:07:27+07:00,639466428930627267991858,Jl. Sumber Sari Arah Utara,dest3,113364,5.411,49
2026-09-12T13:07:30+07:00,967823448439028638648911,Jl. Sigura-Gura Arah Barat,dest3,107160,3.017,49
2026-09-12T13:07:33+07:00,767576969564466612969572,Jl Veteran Gerbang UB,dest3,58280,0.805,29
2026-09-12T13:07:35+07:00,636589114401733445781917,Jl. Veteran Arah Timur,dest3,60536,0.848,49
2026-09-12T13:07:38+07:00,673512185163543498056968,Jl. Panjaitan Arah Timur,commute,73508,1.513,49
2026-09-12T13:07:41+07:00,446907421280943044413749,Jl MT Haryono Arah Barat,commute,133104,1.913,29
2026-09-12T13:07:43+07:00,268660637162985239935545,Jl. Ijen Arah Utara,cafe,97948,2.176,49
2026-09-12T13:07:46+07:00,322877538584592778525433,Jl. Kawi Arah Barat,cafe,77832,3.17,49
2026-09-12T13:07:49+07:00,184398221253246434285173,Jl. Soekarno Hatta Arah Timur (Center Point),cafe,100016,3.251,49
2026-09-12T13:07:52+07:00,227920422769509645238654,Jl. Soekarno Hatta Arah Selatan,cafe,107160,4.147,23
2026-09-12T13:07:55+07:00,077636403437244032401245,Jl. Terusan Dieng Arah Barat,cafe,84600,1.311,49
2026-09-12T17:42:56+07:00,318197263503692449077822,Jl. Tlogomas Arah Barat,commute,65612,0.596,49
2026-09-12T17:42:59+07:00,704720868465795037095760,Jl. Tlogomas Arah Timur,commute,62228,1.362,49
2026-09-12T17:43:02+07:00,097779292771471341955457,Pertigaan Tunggulmas,dest1+2,115244,5.39,49
2026-09-12T17:43:05+07:00,522539750301519499247770,Jembatan TunggulMas,dest2,75012,3.664,49
2026-09-12T17:43:07+07:00,180731272173025410229793,Jl Raya Tlogomas 83 Arah Timur,commute,125960,3.797,49
2026-09-12T17:43:10+07:00,572534477246123479166921,Jl Raya Tlogomas 14a Arah Barat,commute,84976,2.956,49
2026-09-12T17:43:13+07:00,639466428930627267991858,Jl. Sumber Sari Arah Utara,dest3,86480,3.933,49
2026-09-12T17:43:15+07:00,967823448439028638648911,Jl. Sigura-Gura Arah Barat,dest3,104152,3.203,49
2026-09-12T17:43:18+07:00,767576969564466612969572,Jl Veteran Gerbang UB,dest3,67304,0.99,29
2026-09-12T17:43:21+07:00,636589114401733445781917,Jl. Veteran Arah Timur,dest3,72944,2.755,49
2026-09-12T17:43:23+07:00,673512185163543498056968,Jl. Panjaitan Arah Timur,commute,66364,0.404,49
2026-09-12T17:43:26+07:00,446907421280943044413749,Jl MT Haryono Arah Barat,commute,133480,6.677,29
2026-09-12T17:43:29+07:00,268660637162985239935545,Jl. Ijen Arah Utara,cafe,52452,0.956,49
2026-09-12T17:43:32+07:00,322877538584592778525433,Jl. Kawi Arah Barat,cafe,65612,0.433,49
2026-09-12T17:43:35+07:00,184398221253246434285173,Jl. Soekarno Hatta Arah Timur (Center Point),cafe,64296,3.928,49
2026-09-12T17:43:37+07:00,227920422769509645238654,Jl. Soekarno Hatta Arah Selatan,cafe,131976,2.244,29
2026-09-12T17:43:40+07:00,077636403437244032401245,Jl. Terusan Dieng Arah Barat,cafe,78584,1.409,49
2026-09-12T20:46:45+07:00,318197263503692449077822,Jl. Tlogomas Arah Barat,commute,104716,3.907,49
2026-09-12T20:46:48+07:00,704720868465795037095760,Jl. Tlogomas Arah Timur,commute,88736,2.985,49
2026-09-12T20:46:50+07:00,097779292771471341955457,Pertigaan Tunggulmas,dest1+2,128216,3.81,49
2026-09-12T20:46:53+07:00,522539750301519499247770,Jembatan TunggulMas,dest2,121072,1.234,49
2026-09-12T20:46:56+07:00,180731272173025410229793,Jl Raya Tlogomas 83 Arah Timur,commute,79900,2.137,49
2026-09-12T20:46:58+07:00,572534477246123479166921,Jl Raya Tlogomas 14a Arah Barat,commute,68996,2.118,49
2026-09-12T20:47:01+07:00,639466428930627267991858,Jl. Sumber Sari Arah Utara,dest3,65236,2.386,49
2026-09-12T20:47:03+07:00,967823448439028638648911,Jl. Sigura-Gura Arah Barat,dest3,82720,2.781,49
2026-09-12T20:47:06+07:00,767576969564466612969572,Jl Veteran Gerbang UB,dest3,61288,1.008,29
2026-09-12T20:47:08+07:00,636589114401733445781917,Jl. Veteran Arah Timur,dest3,66176,1.543,49
2026-09-12T20:47:11+07:00,673512185163543498056968,Jl. Panjaitan Arah Timur,commute,72380,1.829,49
2026-09-12T20:47:14+07:00,446907421280943044413749,Jl MT Haryono Arah Barat,commute,135172,3.693,29
2026-09-12T20:47:16+07:00,268660637162985239935545,Jl. Ijen Arah Utara,cafe,58656,2.256,49
2026-09-12T20:47:19+07:00,322877538584592778525433,Jl. Kawi Arah Barat,cafe,78208,2.185,49
2026-09-12T20:47:21+07:00,184398221253246434285173,Jl. Soekarno Hatta Arah Timur (Center Point),cafe,79524,4.596,49
2026-09-12T20:47:24+07:00,227920422769509645238654,Jl. Soekarno Hatta Arah Selatan,cafe,129532,2.92,29
2026-09-12T20:47:27+07:00,077636403437244032401245,Jl. Terusan Dieng Arah Barat,cafe,62792,0.984,49
2026-09-12T23:34:00+07:00,318197263503692449077822,Jl. Tlogomas Arah Barat,commute,67116,0.277,49
2026-09-12T23:34:03+07:00,704720868465795037095760,Jl. Tlogomas Arah Timur,commute,88172,3.708,49
2026-09-12T23:34:06+07:00,097779292771471341955457,Pertigaan Tunggulmas,dest1+2,117124,3.042,49
2026-09-12T23:34:09+07:00,522539750301519499247770,Jembatan TunggulMas,dest2,115056,2.155,49
2026-09-12T23:34:11+07:00,180731272173025410229793,Jl Raya Tlogomas 83 Arah Timur,commute,47940,0.279,49
2026-09-12T23:34:13+07:00,572534477246123479166921,Jl Raya Tlogomas 14a Arah Barat,commute,62604,2.178,49
2026-09-12T23:34:16+07:00,639466428930627267991858,Jl. Sumber Sari Arah Utara,dest3,67868,0.651,49
2026-09-12T23:34:18+07:00,967823448439028638648911,Jl. Sigura-Gura Arah Barat,dest3,83096,2.711,49
2026-09-12T23:34:20+07:00,767576969564466612969572,Jl Veteran Gerbang UB,dest3,61288,0.453,29
2026-09-12T23:34:23+07:00,636589114401733445781917,Jl. Veteran Arah Timur,dest3,64672,0.878,49
2026-09-12T23:34:25+07:00,673512185163543498056968,Jl. Panjaitan Arah Timur,commute,63168,2.073,49
2026-09-12T23:34:27+07:00,446907421280943044413749,Jl MT Haryono Arah Barat,commute,125960,2.396,29
2026-09-12T23:34:30+07:00,268660637162985239935545,Jl. Ijen Arah Utara,cafe,63356,2.047,49
2026-09-12T23:34:32+07:00,322877538584592778525433,Jl. Kawi Arah Barat,cafe,72568,1.162,49
2026-09-12T23:34:34+07:00,184398221253246434285173,Jl. Soekarno Hatta Arah Timur (Center Point),cafe,57340,2.905,49
2026-09-12T23:34:37+07:00,227920422769509645238654,Jl. Soekarno Hatta Arah Selatan,cafe,123328,2.214,29
2026-09-12T23:34:39+07:00,077636403437244032401245,Jl. Terusan Dieng Arah Barat,cafe,70500,0.109,49
2026-09-13T01:44:12+07:00,318197263503692449077822,Jl. Tlogomas Arah Barat,commute,76704,1.186,49
2026-09-13T01:44:15+07:00,704720868465795037095760,Jl. Tlogomas Arah Timur,commute,59596,1.178,49
2026-09-13T01:44:18+07:00,097779292771471341955457,Pertigaan Tunggulmas,dest1+2,118816,3.631,49
2026-09-13T01:44:21+07:00,522539750301519499247770,Jembatan TunggulMas,dest2,121824,2.05,49
2026-09-13T01:44:23+07:00,180731272173025410229793,Jl Raya Tlogomas 83 Arah Timur,commute,62980,0.946,49
2026-09-13T01:44:26+07:00,572534477246123479166921,Jl Raya Tlogomas 14a Arah Barat,commute,52452,1.093,49
2026-09-13T01:44:29+07:00,639466428930627267991858,Jl. Sumber Sari Arah Utara,dest3,79524,1.469,49
2026-09-13T01:44:31+07:00,967823448439028638648911,Jl. Sigura-Gura Arah Barat,dest3,70124,0.585,49
2026-09-13T01:44:34+07:00,767576969564466612969572,Jl Veteran Gerbang UB,dest3,56776,0.127,29
2026-09-13T01:44:36+07:00,636589114401733445781917,Jl. Veteran Arah Timur,dest3,58280,0.611,49
2026-09-13T01:44:38+07:00,673512185163543498056968,Jl. Panjaitan Arah Timur,commute,67116,0.154,49
2026-09-13T01:44:41+07:00,446907421280943044413749,Jl MT Haryono Arah Barat,commute,143256,1.235,29
2026-09-13T01:44:44+07:00,268660637162985239935545,Jl. Ijen Arah Utara,cafe,71252,0.475,49
2026-09-13T01:44:46+07:00,322877538584592778525433,Jl. Kawi Arah Barat,cafe,65800,0.098,49
2026-09-13T01:44:49+07:00,184398221253246434285173,Jl. Soekarno Hatta Arah Timur (Center Point),cafe,64484,0.709,49
2026-09-13T01:44:51+07:00,227920422769509645238654,Jl. Soekarno Hatta Arah Selatan,cafe,122388,0.34,29
2026-09-13T01:44:54+07:00,077636403437244032401245,Jl. Terusan Dieng Arah Barat,cafe,68244,0.047,49
2026-09-13T04:01:11+07:00,318197263503692449077822,Jl. Tlogomas Arah Barat,commute,97384,3.18,49
2026-09-13T04:01:14+07:00,704720868465795037095760,Jl. Tlogomas Arah Timur,commute,62040,0.62,49
2026-09-13T04:01:16+07:00,097779292771471341955457,Pertigaan Tunggulmas,dest1+2,119756,0.159,49
2026-09-13T04:01:19+07:00,522539750301519499247770,Jembatan TunggulMas,dest2,119756,0.047,49
2026-09-13T04:01:21+07:00,180731272173025410229793,Jl Raya Tlogomas 83 Arah Timur,commute,65800,0.463,49
2026-09-13T04:01:24+07:00,572534477246123479166921,Jl Raya Tlogomas 14a Arah Barat,commute,68244,0.151,49
2026-09-13T04:01:26+07:00,639466428930627267991858,Jl. Sumber Sari Arah Utara,dest3,72192,1.466,49
2026-09-13T04:01:28+07:00,967823448439028638648911,Jl. Sigura-Gura Arah Barat,dest3,61100,1.495,49
2026-09-13T04:01:30+07:00,767576969564466612969572,Jl Veteran Gerbang UB,dest3,73508,0.468,29
2026-09-13T04:01:33+07:00,636589114401733445781917,Jl. Veteran Arah Timur,dest3,63544,0.424,49
2026-09-13T04:01:35+07:00,673512185163543498056968,Jl. Panjaitan Arah Timur,commute,59408,0.021,49
2026-09-13T04:01:37+07:00,446907421280943044413749,Jl MT Haryono Arah Barat,commute,127088,0.304,29
2026-09-13T04:01:40+07:00,268660637162985239935545,Jl. Ijen Arah Utara,cafe,82720,0.71,49
2026-09-13T04:01:42+07:00,322877538584592778525433,Jl. Kawi Arah Barat,cafe,50196,0.317,49
2026-09-13T04:01:44+07:00,184398221253246434285173,Jl. Soekarno Hatta Arah Timur (Center Point),cafe,63920,0.041,49
2026-09-13T04:01:46+07:00,227920422769509645238654,Jl. Soekarno Hatta Arah Selatan,cafe,134232,0.217,29
2026-09-13T04:01:49+07:00,077636403437244032401245,Jl. Terusan Dieng Arah Barat,cafe,67868,0.094,49
